palier,id,nom,pays,saisonCourante,stats,cotes,joueurs,compos,events,classement,effectifs,blessures,profondeurStats,profondeurCotes,premiereSaisonStats,volume
S,40,Championship,England,2026,true,true,true,true,true,true,true,true,13,1,2014,552
S,140,La Liga,Spain,2026,true,true,true,true,true,true,true,true,13,1,2014,380
S,39,Premier League,England,2026,true,true,true,true,true,true,true,true,13,1,2014,380
S,79,2. Bundesliga,Germany,2026,true,true,true,true,true,true,true,false,13,1,2014,306
S,98,J1 League,Japan,2027,true,true,true,true,true,true,true,false,13,1,2015,380
S,62,Ligue 2,France,2026,true,true,true,true,true,true,true,false,13,1,2014,306
S,78,Bundesliga,Germany,2026,true,true,true,true,true,true,true,true,12,1,2015,306
S,88,Eredivisie,Netherlands,2026,true,true,true,true,true,true,true,true,12,1,2015,306
S,61,Ligue 1,France,2026,true,true,true,true,true,true,true,true,12,1,2015,306
S,253,Major League Soccer,USA,2026,true,true,true,true,true,true,true,true,12,1,2015,510
S,71,Serie A,Brazil,2026,true,true,true,true,true,true,true,true,12,1,2015,380
S,135,Serie A,Italy,2026,true,true,true,true,true,true,true,true,12,1,2015,380
S,203,Süper Lig,Turkey,2026,true,true,true,true,true,true,true,true,12,1,2015,306
S,119,Superliga,Denmark,2026,true,true,true,true,true,true,true,true,12,1,2015,132
S,3,UEFA Europa League,World,2026,true,true,true,true,true,true,true,true,12,1,2015,224
S,218,Bundesliga,Austria,2026,true,true,true,true,true,true,true,false,12,1,2015,132
S,144,Jupiler Pro League,Belgium,2026,true,true,true,true,true,true,true,false,12,1,2015,306
S,41,League One,England,2026,true,true,true,true,true,true,true,false,12,1,2015,552
S,128,Liga Profesional Argentina,Argentina,2026,true,true,true,true,true,true,true,false,12,1,2015,495
S,179,Premiership,Scotland,2026,true,true,true,true,true,true,true,false,12,1,2015,198
S,94,Primeira Liga,Portugal,2026,true,true,true,true,true,true,true,false,12,1,2015,306
S,48,League Cup,England,2026,true,true,true,true,true,false,true,false,12,1,2015,84
S,113,Allsvenskan,Sweden,2026,true,true,true,true,true,true,true,true,11,1,2016,240
S,103,Eliteserien,Norway,2026,true,true,true,true,true,true,true,true,11,1,2016,240
S,235,Premier League,Russia,2026,true,true,true,true,true,true,true,true,11,1,2016,240
S,204,1. Lig,Turkey,2026,true,true,true,true,true,true,true,false,11,1,2016,380
S,17,AFC Champions League Elite,World,2026,true,true,true,true,true,true,true,false,11,1,2016,132
S,283,Liga I,Romania,2026,true,true,true,true,true,true,true,false,11,1,2016,240
S,262,Liga MX,Mexico,2026,true,true,true,true,true,true,true,false,11,1,2016,153
S,333,Premier League,Ukraine,2026,true,true,true,true,true,true,true,false,11,1,2016,240
S,239,Primera A,Colombia,2026,true,true,true,true,true,true,true,false,11,1,2016,
S,307,Pro League,Saudi-Arabia,2026,true,true,true,true,true,true,true,false,11,1,2016,
S,141,Segunda División,Spain,2026,true,true,true,true,true,true,true,false,11,1,2016,
S,136,Serie B,Italy,2026,true,true,true,true,true,true,true,false,11,1,2016,
S,169,Super League,China,2026,true,true,true,true,true,true,true,false,11,1,2016,
S,207,Super League,Switzerland,2026,true,true,true,true,true,true,true,false,11,1,2016,
S,197,Super League 1,Greece,2026,true,true,true,true,true,true,true,false,11,1,2016,
S,137,Coppa Italia,Italy,2026,true,true,true,true,true,false,true,false,11,1,2016,
S,42,League Two,England,2026,true,true,true,true,true,true,true,false,10,1,2017,
S,281,Primera División,Peru,2026,true,true,true,true,true,true,true,false,10,1,2017,
S,72,Serie B,Brazil,2026,true,true,true,true,true,true,true,false,10,1,2017,
S,106,Ekstraklasa,Poland,2026,true,true,true,true,true,true,true,false,9,1,2018,
S,242,Liga Pro,Ecuador,2026,true,true,true,true,true,true,true,false,9,1,2018,
S,265,Primera División,Chile,2026,true,true,true,true,true,true,true,false,9,1,2018,
S,244,Veikkausliiga,Finland,2026,true,true,true,true,true,true,true,false,9,1,2015,
S,13,CONMEBOL Libertadores,World,2026,true,true,true,true,true,true,true,false,8,1,2019,
S,11,CONMEBOL Sudamericana,World,2026,true,true,true,true,true,true,true,false,8,1,2019,
S,345,Czech Liga,Czech-Republic,2026,true,true,true,true,true,true,true,false,8,1,2019,
S,89,Eerste Divisie,Netherlands,2026,true,true,true,true,true,true,true,false,8,1,2016,
S,210,HNL,Croatia,2026,true,true,true,true,true,true,true,false,8,1,2019,
S,271,NB I,Hungary,2026,true,true,true,true,true,true,true,false,8,1,2019,
S,288,Premier Soccer League,South-Africa,2026,true,true,true,true,true,true,true,false,8,1,2019,
S,286,Super Liga,Serbia,2026,true,true,true,true,true,true,true,false,8,1,2019,
S,46,EFL Trophy,England,2026,true,true,true,true,true,false,true,false,8,1,2019,
S,10,Friendlies,World,2026,true,true,true,true,true,false,true,false,8,1,2018,
S,292,K League 1,South-Korea,2026,true,true,true,true,true,true,true,false,7,1,2020,
S,114,Superettan,Sweden,2026,true,true,true,true,true,true,true,false,7,1,2020,
S,383,Ligat Ha'al,Israel,2026,true,true,true,true,true,true,true,false,6,1,2021,
S,233,Premier League,Egypt,2026,true,true,true,true,true,true,true,false,6,1,2021,
S,479,Canadian Premier League,Canada,2026,true,true,true,true,true,true,true,false,5,1,2020,
S,145,Challenger Pro League,Belgium,2026,true,true,true,true,true,true,true,false,4,1,2023,
S,44,FA WSL,England,2026,true,true,true,true,true,true,true,false,4,1,2023,
S,64,Feminine Division 1,France,2026,true,true,true,true,true,true,true,false,4,1,2023,
S,82,Frauen Bundesliga,Germany,2026,true,true,true,true,true,true,true,false,4,1,2023,
S,254,NWSL Women,USA,2026,true,true,true,true,true,true,true,false,4,1,2023,
S,357,Premier Division,Ireland,2026,true,true,true,true,true,true,true,false,4,1,2023,
S,344,Primera División,Bolivia,2026,true,true,true,true,true,true,true,false,4,1,2023,
S,296,Thai League 1,Thailand,2026,true,true,true,true,true,true,true,false,4,1,2023,
S,549,Damallsvenskan,Sweden,2026,true,true,true,true,true,true,true,false,3,1,2024,
S,1168,FIFA Intercontinental Cup,World,2026,true,true,true,true,true,false,true,false,3,1,2024,
S,252,Division Profesional - Clausura,Paraguay,2026,true,true,true,true,true,true,true,false,2,1,2025,
A,80,3. Liga,Germany,2026,true,true,false,true,true,true,true,false,10,1,2017,
A,172,First League,Bulgaria,2026,true,true,false,true,true,true,true,false,9,1,2018,
A,95,Segunda Liga,Portugal,2026,true,true,false,true,true,true,true,false,8,1,2019,
A,237,Cup,Russia,2026,true,true,false,true,true,false,true,false,7,1,2020,
A,236,First League,Russia,2026,true,true,false,true,true,true,false,false,6,1,2021,
A,116,Premier League,Belarus,2026,true,true,false,true,true,true,false,false,6,1,2020,
A,185,League Cup,Scotland,2026,true,true,false,true,true,false,true,false,3,1,2023,
A,327,Erovnuli Liga,Georgia,2026,true,true,false,true,true,true,true,false,1,1,2026,
A,134,Torneo Federal A,Argentina,2026,true,true,false,true,true,true,true,false,1,1,2026,
A,1104,Liga 3,Georgia,2026,true,true,false,true,true,true,false,false,1,1,2026,
A,1035,Copa Rio,Brazil,2026,true,true,false,false,true,false,false,false,1,1,2026,
B,2,UEFA Champions League,World,2026,true,false,true,true,true,true,true,true,12,0,2015,
B,81,DFB Pokal,Germany,2026,true,false,true,true,true,false,true,false,12,0,2015,
B,529,Super Cup,Germany,2026,true,false,true,true,true,false,true,false,12,0,2015,
B,528,Community Shield,England,2026,true,false,true,true,true,false,true,false,11,0,2015,
B,73,Copa Do Brasil,Brazil,2026,true,false,true,true,true,false,true,false,11,0,2016,
B,66,Coupe de France,France,2025,true,false,true,true,true,false,true,false,11,0,2015,
B,531,UEFA Super Cup,World,2026,true,false,true,true,true,false,true,false,11,0,2016,
B,547,Super Cup,Italy,2025,true,false,true,true,true,false,true,false,9,0,2016,
B,323,Indian Super League,India,2025,true,false,true,true,true,true,true,false,8,0,2018,
B,475,Paulista - A1,Brazil,2026,true,false,true,true,true,true,true,false,7,0,2020,
B,301,Pro League,United-Arab-Emirates,2026,true,false,true,true,true,true,true,false,7,0,2018,
B,543,Super Cup,Netherlands,2025,true,false,true,true,true,false,true,false,7,0,2019,
B,526,Trophée des Champions,France,2026,true,false,true,true,true,false,true,false,7,0,2020,
B,15,FIFA Club World Cup,World,2025,true,false,true,true,true,true,true,false,6,0,2019,
B,848,UEFA Europa Conference League,World,2026,true,false,true,true,true,true,true,false,6,0,2021,
B,551,Super Cup,Turkey,2025,true,false,true,true,true,false,true,false,6,0,2020,
B,9,Copa America,World,2024,true,false,true,true,true,true,true,false,5,0,2015,
B,16,CONCACAF Champions League,World,2026,true,false,true,true,true,false,true,false,5,0,2022,
B,525,UEFA Champions League Women,World,2026,true,false,false,true,true,false,false,false,5,0,2022,
B,6,Africa Cup of Nations,World,2025,true,false,true,true,true,true,true,false,4,0,2019,
B,305,Stars League,Qatar,2026,true,false,true,true,true,true,true,false,4,0,2023,
B,65,Coupe de la Ligue,France,2019,true,false,true,true,true,false,true,false,4,0,2015,
B,772,Leagues Cup,World,2026,true,false,true,true,true,false,true,false,4,0,2023,
B,1,World Cup,World,2026,true,false,true,true,true,true,true,true,3,0,2018,
B,31,World Cup - Qualification CONCACAF,World,2026,true,false,true,true,true,true,true,true,3,0,2018,
B,32,World Cup - Qualification Europe,World,2024,true,false,true,true,true,true,true,true,3,0,2018,
B,22,CONCACAF Gold Cup,World,2025,true,false,true,true,true,true,true,false,3,0,2021,
B,4,Euro Championship,World,2024,true,false,true,true,true,true,true,false,3,0,2016,
B,38,UEFA U21 Championship,World,2025,true,false,true,true,true,true,true,false,3,0,2021,
B,30,World Cup - Qualification Asia,World,2026,true,false,true,true,true,true,true,false,3,0,2018,
B,34,World Cup - Qualification South America,World,2026,true,false,true,true,true,true,true,false,3,0,2018,
B,37,World Cup - Qualification Intercontinental Play-offs,World,2026,true,false,true,true,true,false,true,false,3,0,2018,
B,624,Carioca - 1,Brazil,2026,true,false,true,true,true,true,true,false,2,0,2025,
B,1032,Copa de la Liga Profesional,Argentina,2024,true,false,true,true,true,true,true,false,2,0,2023,
B,480,Olympics Men,World,2024,true,false,true,true,true,true,true,false,2,0,2020,
B,29,World Cup - Qualification Africa,World,2023,true,false,true,true,true,true,true,false,2,0,2022,
B,490,World Cup - U20,World,2025,true,false,true,true,true,false,true,false,2,0,2023,
B,743,UEFA Championship - Women,World,2025,true,false,true,true,true,true,true,true,1,0,2025,
B,250,Division Profesional - Apertura,Paraguay,2026,true,false,true,true,true,true,true,false,1,0,2026,
B,960,Euro Championship - Qualification,World,2023,true,false,true,true,true,true,true,false,1,0,2023,
B,8,World Cup - Women,World,2023,true,false,true,true,true,true,true,false,1,0,2023,
B,768,Arab Club Champions Cup,World,2023,true,false,true,true,true,false,true,false,1,0,2023,
B,21,Confederations Cup,World,2017,true,false,false,true,true,false,true,false,1,0,2017,
B,421,Division di Honor,Aruba,2025,true,false,false,true,true,true,false,false,1,0,2025,
B,813,Elite Two,Cameroon,2026,true,false,false,true,true,true,false,false,1,0,2026,
B,363,Premier League,Ethiopia,2025,true,false,false,true,true,true,false,false,1,0,2025,
B,36,Africa Cup of Nations - Qualification,World,2027,true,false,false,true,true,false,false,false,1,0,2027,
B,1232,Copa De La Liga,Peru,2026,true,false,false,true,true,false,false,false,1,0,2026,
B,1191,UEFA Europa Cup - Women,World,2026,true,false,false,true,true,false,false,false,1,0,2026,
B,256,USL League Two,USA,2026,true,false,false,true,true,false,false,false,1,0,2026,
C,219,2. Liga,Austria,2026,false,true,false,true,true,true,true,false,11,1,2015,
C,45,FA Cup,England,2026,false,true,false,true,false,false,false,false,11,1,2015,
C,206,Türkiye Kupası,Turkey,2026,false,true,false,false,true,false,false,false,10,1,2016,
C,318,1. Division,Cyprus,2026,false,true,false,true,true,true,false,false,8,1,2018,
C,332,Super Liga,Slovakia,2026,false,true,false,true,true,true,false,false,7,1,2019,
C,12,CAF Champions League,World,2026,false,true,false,true,true,false,false,false,7,1,2019,
C,20,CAF Confederation Cup,World,2026,false,true,false,true,true,false,false,false,7,1,2019,
C,96,Taça de Portugal,Portugal,2026,false,true,false,true,true,false,false,false,7,1,2019,
C,108,Cup,Poland,2026,false,true,false,true,true,false,false,false,6,1,2019,
C,268,Primera División,Uruguay,2026,false,true,false,true,true,true,true,false,5,1,2021,
C,373,1. SNL,Slovenia,2026,false,true,false,true,true,true,false,false,5,1,2019,
C,212,Cup,Croatia,2026,false,true,false,true,true,false,false,false,4,1,2019,
C,5,UEFA Nations League,World,2026,false,true,false,false,false,true,false,false,4,1,2018,
C,18,AFC Champions League Two,World,2026,false,true,false,true,true,true,true,false,3,1,2023,
C,667,Friendlies Clubs,World,2026,false,true,false,true,true,false,false,false,3,1,2023,
C,389,Premier League,Kazakhstan,2026,false,true,false,true,true,true,true,false,2,1,2022,
C,142,Primera División Femenina,Spain,2026,false,true,false,true,true,true,false,false,2,1,2023,
C,371,First League,Macedonia,2026,false,true,false,true,true,true,true,false,1,1,2025,
C,293,K League 2,South-Korea,2026,false,true,false,true,true,true,true,false,1,1,2020,
C,75,Serie C,Brazil,2026,false,true,false,true,true,true,true,false,1,1,2024,
C,255,USL Championship,USA,2026,false,true,false,true,true,true,true,false,1,1,2020,
C,404,Campionato,San-Marino,2026,false,true,false,false,true,true,true,false,1,1,2025,
C,199,Cup,Greece,2026,false,true,false,true,true,false,true,false,1,1,2025,
C,487,First Amateur Division,Belgium,2026,false,true,false,true,true,true,false,false,1,1,2025,
C,304,Liga Panameña de Fútbol,Panama,2026,false,true,false,true,true,true,false,false,1,1,2025,
C,567,Ligi kuu Bara,Tanzania,2026,false,true,false,true,true,true,false,false,1,1,2025,
C,261,National Division,Luxembourg,2026,false,true,false,true,true,true,false,false,1,1,2025,
C,435,Primera División RFEF - Group 1,Spain,2026,false,true,false,true,true,true,false,false,1,1,2025,
C,436,Primera División RFEF - Group 2,Spain,2026,false,true,false,true,true,true,false,false,1,1,2025,
C,492,Tweede Divisie,Netherlands,2026,false,true,false,true,true,true,false,false,1,1,2025,
C,500,FA Cup,Malaysia,2026,false,true,false,false,true,false,false,false,1,1,2025,
C,302,League Cup,United-Arab-Emirates,2026,false,true,false,false,true,false,false,false,1,1,2025,
C,366,1. Deild,Faroe-Islands,2026,false,true,false,true,true,true,true,false,0,1,,
C,104,1. Division,Norway,2026,false,true,false,true,true,true,true,false,0,1,,
C,364,1. Liga,Latvia,2026,false,true,false,true,true,true,true,false,0,1,,
C,312,1a Divisió,Andorra,2026,false,true,false,true,true,true,true,false,0,1,,
C,473,2. Division - Group 1,Norway,2026,false,true,false,true,true,true,true,false,0,1,,
C,474,2. Division - Group 2,Norway,2026,false,true,false,true,true,true,true,false,0,1,,
C,862,3. Division,Denmark,2026,false,true,false,true,true,true,true,false,0,1,,
C,775,3. Division - Girone 2,Norway,2026,false,true,false,true,true,true,true,false,0,1,,
C,776,3. Division - Girone 3,Norway,2026,false,true,false,true,true,true,true,false,0,1,,
C,777,3. Division - Girone 4,Norway,2026,false,true,false,true,true,true,true,false,0,1,,
C,778,3. Division - Girone 5,Norway,2026,false,true,false,true,true,true,true,false,0,1,,
C,779,3. Division - Girone 6,Norway,2026,false,true,false,true,true,true,true,false,0,1,,
C,410,C-League,Cambodia,2026,false,true,false,true,true,true,true,false,0,1,,
C,326,Erovnuli Liga 2,Georgia,2026,false,true,false,true,true,true,true,false,0,1,,
C,328,Esiliiga A,Estonia,2026,false,true,false,true,true,true,true,false,0,1,,
C,563,Ettan - Norra,Sweden,2026,false,true,false,true,true,true,true,false,0,1,,
C,564,Ettan - Södra,Sweden,2026,false,true,false,true,true,true,true,false,0,1,,
C,731,Football League - Lowland League,Scotland,2026,false,true,false,true,true,true,true,false,0,1,,
C,780,III Liga - Group 1,Poland,2026,false,true,false,true,true,true,true,false,0,1,,
C,782,III Liga - Group 3,Poland,2026,false,true,false,true,true,true,true,false,0,1,,
C,783,III Liga - Group 4,Poland,2026,false,true,false,true,true,true,true,false,0,1,,
C,99,J2 League,Japan,2026,false,true,false,true,true,true,true,false,0,1,,
C,295,K3 League,South-Korea,2026,false,true,false,true,true,true,true,false,0,1,,
C,248,Kakkonen - Lohko B,Finland,2026,false,true,false,true,true,true,true,false,0,1,,
C,170,League One,China,2026,false,true,false,true,true,true,true,false,0,1,,
C,865,Liga 3,Portugal,2026,false,true,false,true,true,true,true,false,0,1,,
C,202,Ligue 1,Tunisia,2026,false,true,false,true,true,true,true,false,0,1,,
C,329,Meistriliiga,Estonia,2026,false,true,false,true,true,true,true,false,0,1,,
C,909,MLS Next Pro,USA,2026,false,true,false,true,true,true,true,false,0,1,,
C,192,New South Wales NPL,Australia,2026,false,true,false,true,true,true,true,false,0,1,,
C,702,Premier League 2 Division One,England,2026,false,true,false,true,true,true,true,false,0,1,,
C,419,Premyer Liqa,Azerbaijan,2026,false,true,false,true,true,true,true,false,0,1,,
C,240,Primera B,Colombia,2026,false,true,false,true,true,true,true,false,0,1,,
C,266,Primera B,Chile,2026,false,true,false,true,true,true,true,false,0,1,,
C,131,Primera B Metropolitana,Argentina,2026,false,true,false,true,true,true,true,false,0,1,,
C,299,Primera División,Venezuela,2026,false,true,false,true,true,true,true,false,0,1,,
C,129,Primera Nacional,Argentina,2026,false,true,false,true,true,true,true,false,0,1,,
C,173,Second League,Bulgaria,2026,false,true,false,true,true,true,true,false,0,1,,
C,651,Second League - Group 1,Russia,2026,false,true,false,true,true,true,true,false,0,1,,
C,650,Second League - Group 3,Russia,2026,false,true,false,true,true,true,true,false,0,1,,
C,653,Second League - Group 4,Russia,2026,false,true,false,true,true,true,true,false,0,1,,
C,269,Segunda División,Uruguay,2026,false,true,false,true,true,true,true,false,0,1,,
C,300,Segunda División,Venezuela,2026,false,true,false,true,true,true,true,false,0,1,,
C,76,Serie D,Brazil,2026,false,true,false,true,true,true,true,false,0,1,,
C,369,Super League,Uzbekistan,2026,false,true,false,true,true,true,true,false,0,1,,
C,278,Super League,Malaysia,2026,false,true,false,true,true,true,true,false,0,1,,
C,310,Superliga,Albania,2026,false,true,false,true,true,true,true,false,0,1,,
C,365,Virsliga,Latvia,2026,false,true,false,true,true,true,true,false,0,1,,
C,1087,Ykkösliiga,Finland,2026,false,true,false,true,true,true,true,false,0,1,,
C,361,1 Lyga,Lithuania,2026,false,true,false,false,true,true,true,false,0,1,,
C,165,1. Deild,Iceland,2026,false,true,false,true,true,true,false,false,0,1,,
C,120,1. Division,Denmark,2026,false,true,false,true,true,true,false,false,0,1,,
C,915,1. Division Women,Norway,2026,false,true,false,true,true,true,false,false,0,1,,
C,510,1. Liga Promotion,Switzerland,2026,false,true,false,true,true,true,false,false,0,1,,
C,316,1st League - FBiH,Bosnia,2026,false,true,false,true,true,true,false,false,0,1,,
C,506,2. liga,Slovakia,2026,false,true,false,true,true,true,false,false,0,1,,
C,774,3. Division - Girone 1,Norway,2026,false,true,false,false,true,true,true,false,0,1,,
C,349,3. liga - MSFL,Czech-Republic,2026,false,true,false,true,true,true,false,false,0,1,,
C,794,3. SNL - East,Slovenia,2026,false,true,false,true,true,true,false,false,0,1,,
C,362,A Lyga,Lithuania,2026,false,true,false,true,true,true,false,false,0,1,,
C,803,Asian Games,World,2026,false,true,false,true,true,true,false,false,0,1,,
C,1245,Asian Games Women,World,2026,false,true,false,true,true,true,false,false,0,1,,
C,874,Australia Cup,Australia,2026,false,true,false,true,true,false,true,false,0,1,,
C,418,Birinci Dasta,Azerbaijan,2026,false,true,false,true,true,true,false,false,0,1,,
C,74,Brasileiro Women,Brazil,2026,false,true,false,true,true,true,false,false,0,1,,
C,1020,Calcutta Premier Division,India,2026,false,true,false,true,true,true,false,false,0,1,,
C,259,Canadian Championship,Canada,2026,false,true,false,true,true,false,true,false,0,1,,
C,189,Capital Territory NPL,Australia,2026,false,true,false,true,true,true,false,false,0,1,,
C,676,Central Youth League,Poland,2026,false,true,false,true,true,true,false,false,0,1,,
C,208,Challenge League,Switzerland,2026,false,true,false,true,true,true,false,false,0,1,,
C,180,Championship,Scotland,2026,false,true,false,true,true,true,false,false,0,1,,
C,130,Copa Argentina,Argentina,2026,false,true,false,true,true,false,true,false,0,1,,
C,917,Copa Ecuador,Ecuador,2025,false,true,false,true,true,false,true,false,0,1,,
C,335,Cup,Ukraine,2026,false,true,false,true,true,false,true,false,0,1,,
C,121,DBU Pokalen,Denmark,2026,false,true,false,true,true,false,true,false,0,1,,
C,308,Division 1,Saudi-Arabia,2026,false,true,false,true,true,true,false,false,0,1,,
C,592,Division 2 - Norra Götaland,Sweden,2026,false,true,false,true,true,true,false,false,0,1,,
C,593,Division 2 - Norra Svealand,Sweden,2026,false,true,false,true,true,true,false,false,0,1,,
C,594,Division 2 - Norrland,Sweden,2026,false,true,false,true,true,true,false,false,0,1,,
C,597,Division 2 - Södra Götaland,Sweden,2026,false,true,false,true,true,true,false,false,0,1,,
C,595,Division 2 - Södra Svealand,Sweden,2026,false,true,false,true,true,true,false,false,0,1,,
C,596,Division 2 - Västra Götaland,Sweden,2026,false,true,false,true,true,true,false,false,0,1,,
C,251,Division Intermedia,Paraguay,2026,false,true,false,false,true,true,true,false,0,1,,
C,736,Elitettan,Sweden,2026,false,true,false,true,true,true,false,false,0,1,,
C,1126,Esiliiga B,Estonia,2026,false,true,false,true,true,true,false,false,0,1,,
C,111,FAW Championship,Wales,2026,false,true,false,true,true,true,false,false,0,1,,
C,358,First Division,Ireland,2026,false,true,false,true,true,true,false,false,0,1,,
C,355,First League,Montenegro,2026,false,true,false,true,true,true,false,false,0,1,,
C,211,First NL,Croatia,2026,false,true,false,true,true,true,false,false,0,1,,
C,730,Football League - Highland League,Scotland,2026,false,true,false,true,true,false,true,false,0,1,,
C,484,Frauenliga,Austria,2026,false,true,false,true,true,true,false,false,0,1,,
C,1030,Goiano - 2,Brazil,2026,false,true,false,true,true,true,false,false,0,1,,
C,107,I Liga,Poland,2026,false,true,false,true,true,true,false,false,0,1,,
C,109,II Liga - East,Poland,2026,false,true,false,true,true,true,false,false,0,1,,
C,542,Iraqi League,Iraq,2026,false,true,false,false,true,true,true,false,0,1,,
C,100,J3 League,Japan,2026,false,true,false,true,true,true,false,false,0,1,,
C,1041,Júniores U19,Portugal,2026,false,true,false,false,true,true,true,false,0,1,,
C,183,League One,Scotland,2026,false,true,false,true,true,true,false,false,0,1,,
C,184,League Two,Scotland,2026,false,true,false,true,true,true,false,false,0,1,,
C,274,Liga 1,Indonesia,2026,false,true,false,true,true,true,false,false,0,1,,
C,728,Liga 1 Feminin,Romania,2026,false,true,false,true,true,true,false,false,0,1,,
C,163,Liga de Ascenso,Costa-Rica,2026,false,true,false,true,true,true,false,false,0,1,,
C,263,Liga de Expansión MX,Mexico,2026,false,true,false,true,true,true,false,false,0,1,,
C,284,Liga II,Romania,2026,false,true,false,true,true,true,false,false,0,1,,
C,673,Liga MX Femenil,Mexico,2026,false,true,false,true,true,true,false,false,0,1,,
C,234,Liga Nacional,Honduras,2026,false,true,false,true,true,true,false,false,0,1,,
C,243,Liga Pro Serie B,Ecuador,2026,false,true,false,true,true,true,false,false,0,1,,
C,186,Ligue 1,Algeria,2026,false,true,false,true,true,true,false,false,0,1,,
C,63,Ligue 3,France,2026,false,true,false,true,true,true,false,false,0,1,,
C,367,Meistaradeildin,Faroe-Islands,2026,false,true,false,true,true,true,false,false,0,1,,
C,43,National League,England,2026,false,true,false,true,true,true,false,false,0,1,,
C,272,NB II,Hungary,2026,false,true,false,true,true,true,false,false,0,1,,
C,60,Non League Premier - Southern South,England,2026,false,true,false,true,true,true,false,false,0,1,,
C,481,Northern NSW NPL,Australia,2026,false,true,false,true,true,true,false,false,0,1,,
C,399,NPFL,Nigeria,2027,false,true,false,true,true,true,false,false,0,1,,
C,1086,Paulista - U20,Brazil,2026,false,true,false,true,true,true,false,false,0,1,,
C,334,Persha Liga,Ukraine,2026,false,true,false,true,true,true,false,false,0,1,,
C,380,Premier League,Hong-Kong,2026,false,true,false,true,true,true,false,false,0,1,,
C,570,Premier League,Ghana,2026,false,true,false,true,true,true,false,false,0,1,,
C,110,Premier League,Wales,2026,false,true,false,true,true,true,false,false,0,1,,
C,342,Premier League,Armenia,2026,false,true,false,true,true,true,false,false,0,1,,
C,368,Premier League,Singapore,2026,false,true,false,true,true,true,false,false,0,1,,
C,393,Premier League,Malta,2026,false,true,false,true,true,true,false,false,0,1,,
C,398,Premier League,Bangladesh,2027,false,true,false,true,true,true,false,false,0,1,,
C,408,Premiership,Northern-Ireland,2026,false,true,false,true,true,true,false,false,0,1,,
C,315,Premijer Liga,Bosnia,2026,false,true,false,true,true,true,false,false,0,1,,
C,132,Primera C,Argentina,2026,false,true,false,true,true,true,false,false,0,1,,
C,396,Primera Division,Nicaragua,2026,false,true,false,true,true,true,false,false,0,1,,
C,162,Primera División,Costa-Rica,2026,false,true,false,true,true,true,false,false,0,1,,
C,1075,Pro League A,Uzbekistan,2026,false,true,false,true,true,true,false,false,0,1,,
C,703,Professional Development League,England,2026,false,true,false,true,true,true,false,false,0,1,,
C,287,Prva Liga,Serbia,2026,false,true,false,true,true,true,false,false,0,1,,
C,85,Regionalliga - Nordost,Germany,2026,false,true,false,true,true,true,false,false,0,1,,
C,906,Reserve League,Argentina,2026,false,true,false,false,true,true,true,false,0,1,,
C,356,Second League,Montenegro,2026,false,true,false,true,true,true,false,false,0,1,,
C,887,Second League,Egypt,2026,false,true,false,true,true,true,false,false,0,1,,
C,652,Second League - Group 2,Russia,2026,false,true,false,false,true,true,true,false,0,1,,
C,1025,Second League A - Division A Gold,Russia,2026,false,true,false,true,true,true,false,false,0,1,,
C,1026,Second League A - Division A Silver,Russia,2026,false,true,false,true,true,true,false,false,0,1,,
C,282,Segunda División,Peru,2026,false,true,false,true,true,true,false,false,0,1,,
C,711,Segunda División,Chile,2026,false,true,false,true,true,true,false,false,0,1,,
C,875,Segunda División RFEF - Group 1,Spain,2026,false,true,false,true,true,true,false,false,0,1,,
C,876,Segunda División RFEF - Group 2,Spain,2026,false,true,false,true,true,true,false,false,0,1,,
C,877,Segunda División RFEF - Group 3,Spain,2026,false,true,false,true,true,true,false,false,0,1,,
C,878,Segunda División RFEF - Group 4,Spain,2026,false,true,false,true,true,true,false,false,0,1,,
C,879,Segunda División RFEF - Group 5,Spain,2026,false,true,false,true,true,true,false,false,0,1,,
C,138,Serie C - Girone A,Italy,2026,false,true,false,true,true,true,false,false,0,1,,
C,942,Serie C - Girone B,Italy,2026,false,true,false,true,true,true,false,false,0,1,,
C,943,Serie C - Girone C,Italy,2026,false,true,false,true,true,true,false,false,0,1,,
C,426,Serie D - Girone A,Italy,2026,false,true,false,true,true,true,false,false,0,1,,
C,427,Serie D - Girone B,Italy,2026,false,true,false,true,true,true,false,false,0,1,,
C,428,Serie D - Girone C,Italy,2026,false,true,false,true,true,true,false,false,0,1,,
C,429,Serie D - Girone D,Italy,2026,false,true,false,true,true,true,false,false,0,1,,
C,430,Serie D - Girone E,Italy,2026,false,true,false,true,true,true,false,false,0,1,,
C,431,Serie D - Girone F,Italy,2026,false,true,false,true,true,true,false,false,0,1,,
C,432,Serie D - Girone G,Italy,2026,false,true,false,true,true,true,false,false,0,1,,
C,433,Serie D - Girone H,Italy,2026,false,true,false,true,true,true,false,false,0,1,,
C,434,Serie D - Girone I,Italy,2026,false,true,false,true,true,true,false,false,0,1,,
C,494,Super League 2,Greece,2026,false,true,false,true,true,true,false,false,0,1,,
C,394,Super Liga,Moldova,2026,false,true,false,true,true,true,false,false,0,1,,
C,439,Tercera División RFEF - Group 1,Spain,2026,false,true,false,true,true,true,false,false,0,1,,
C,448,Tercera División RFEF - Group 10,Spain,2026,false,true,false,true,true,true,false,false,0,1,,
C,449,Tercera División RFEF - Group 11,Spain,2026,false,true,false,true,true,true,false,false,0,1,,
C,453,Tercera División RFEF - Group 15,Spain,2026,false,true,false,true,true,true,false,false,0,1,,
C,454,Tercera División RFEF - Group 16,Spain,2026,false,true,false,true,true,true,false,false,0,1,,
C,456,Tercera División RFEF - Group 18,Spain,2026,false,true,false,true,true,true,false,false,0,1,,
C,440,Tercera División RFEF - Group 2,Spain,2026,false,true,false,true,true,true,false,false,0,1,,
C,441,Tercera División RFEF - Group 3,Spain,2026,false,true,false,true,true,true,false,false,0,1,,
C,442,Tercera División RFEF - Group 4,Spain,2026,false,true,false,true,true,true,false,false,0,1,,
C,725,Toppserien,Norway,2026,false,true,false,true,true,true,false,false,0,1,,
C,14,UEFA Youth League,World,2026,false,true,false,true,true,false,true,false,0,1,,
C,164,Úrvalsdeild,Iceland,2026,false,true,false,true,true,true,false,false,0,1,,
C,257,US Open Cup,USA,2026,false,true,false,true,true,false,true,false,0,1,,
C,489,USL League One,USA,2026,false,true,false,true,true,true,false,false,0,1,,
C,1130,USL Super League,USA,2026,false,true,false,true,true,true,false,false,0,1,,
C,340,V.League 1,Vietnam,2027,false,true,false,true,true,true,false,false,0,1,,
C,836,Victoria NPL 2,Australia,2026,false,true,false,true,true,true,false,false,0,1,,
C,196,Western Australia NPL,Australia,2026,false,true,false,true,true,true,false,false,0,1,,
C,660,WK-League,South-Korea,2026,false,true,false,true,true,true,false,false,0,1,,
C,699,Women's Championship,England,2026,false,true,false,true,true,true,false,false,0,1,,
C,920,World Cup - U20 - Women,World,2026,false,true,false,true,true,true,false,false,0,1,,
C,245,Ykkönen,Finland,2026,false,true,false,true,true,true,false,false,0,1,,
C,238,Youth Championship,Russia,2026,false,true,false,false,true,true,true,false,0,1,,
C,601,1. Liga Classic - Group 3,Switzerland,2026,false,true,false,false,true,true,false,false,0,1,,
C,311,1st Division,Albania,2026,false,true,false,false,true,true,false,false,0,1,,
C,289,1st Division,South-Africa,2026,false,true,false,false,true,true,false,false,0,1,,
C,317,1st League - RS,Bosnia,2026,false,true,false,true,true,false,false,false,0,1,,
C,122,2. Division,Denmark,2026,false,true,false,false,true,true,false,false,0,1,,
C,319,2. Division,Cyprus,2026,false,true,false,false,true,true,false,false,0,1,,
C,205,2. Lig,Turkey,2026,false,true,false,false,true,true,false,false,0,1,,
C,374,2. SNL,Slovenia,2026,false,true,false,false,true,true,false,false,0,1,,
C,552,3. Lig - Group 1,Turkey,2026,false,true,false,false,true,true,false,false,0,1,,
C,553,3. Lig - Group 2,Turkey,2026,false,true,false,false,true,true,false,false,0,1,,
C,348,3. liga - CFL A,Czech-Republic,2026,false,true,false,true,true,false,false,false,0,1,,
C,685,3. liga - CFL B,Czech-Republic,2026,false,true,false,true,true,false,false,false,0,1,,
C,352,4. liga - Divizie C,Czech-Republic,2026,false,true,false,false,true,true,false,false,0,1,,
C,353,4. liga - Divizie D,Czech-Republic,2026,false,true,false,false,true,true,false,false,0,1,,
C,354,4. liga - Divizie E,Czech-Republic,2026,false,true,false,false,true,true,false,false,0,1,,
C,686,4. liga - Divizie F,Czech-Republic,2026,false,true,false,false,true,true,false,false,0,1,,
C,1129,ASEAN Club Championship,World,2026,false,true,false,true,true,false,false,false,0,1,,
C,291,Azadegan League,Iran,2026,false,true,false,false,true,true,false,false,0,1,,
C,706,Campionato Primavera - 2,Italy,2026,false,true,false,false,true,true,false,false,0,1,,
C,1159,CECAFA U20 Championship,World,2026,false,true,false,false,true,true,false,false,0,1,,
C,182,Challenge Cup,Scotland,2026,false,true,false,false,true,false,true,false,0,1,,
C,392,Challenge League,Malta,2026,false,true,false,false,true,true,false,false,0,1,,
C,407,Championship,Northern-Ireland,2026,false,true,false,false,true,true,false,false,0,1,,
C,856,CONCACAF Caribbean Club Championship,World,2026,false,true,false,true,true,false,false,false,0,1,,
C,1028,CONCACAF Central American Cup,World,2026,false,true,false,true,true,false,false,false,0,1,,
C,964,Copa de la División Profesional,Bolivia,2026,false,true,false,true,true,false,false,false,0,1,,
C,617,Copa do Brasil U20,Brazil,2026,false,true,false,false,true,false,true,false,0,1,,
C,735,Copa Federacion,Spain,2026,false,true,false,true,true,false,false,false,0,1,,
C,742,Copa Paulista,Brazil,2026,false,true,false,true,true,false,false,false,0,1,,
C,930,Copa Uruguay,Uruguay,2026,false,true,false,false,true,false,true,false,0,1,,
C,771,COSAFA U20 Championship,World,2026,false,true,false,false,true,true,false,false,0,1,,
C,347,Cup,Czech-Republic,2026,false,true,false,true,true,false,false,false,0,1,,
C,680,Cup,Slovakia,2026,false,true,false,true,true,false,false,false,0,1,,
C,802,Cup,Uzbekistan,2026,false,true,false,true,true,false,false,false,0,1,,
C,92,Derde Divisie,Netherlands,2026,false,true,false,false,true,true,false,false,0,1,,
C,303,Division 1,United-Arab-Emirates,2026,false,true,false,false,true,true,false,false,0,1,,
C,1197,FA Cup,Oman,2026,false,true,false,true,true,false,false,false,0,1,,
C,346,FNL,Czech-Republic,2026,false,true,false,true,true,false,false,false,0,1,,
C,815,Fotbolti.net Cup A,Iceland,2026,false,true,false,true,true,false,false,false,0,1,,
C,397,Girabola,Angola,2026,false,true,false,false,true,true,false,false,0,1,,
C,1234,K4 League,South-Korea,2026,false,true,false,false,true,true,false,false,0,1,,
C,387,League,Jordan,2026,false,true,false,false,true,true,false,false,0,1,,
C,929,League Two,China,2026,false,true,false,true,true,false,false,false,0,1,,
C,275,Liga 2,Indonesia,2026,false,true,false,true,true,false,false,false,0,1,,
C,1195,Liga E Pare,Kosovo,2026,false,true,false,false,true,true,false,false,0,1,,
C,712,Liga Femenina,Colombia,2026,false,true,false,true,true,false,false,false,0,1,,
C,789,Liga III - Serie 6,Romania,2026,false,true,false,false,true,true,false,false,0,1,,
C,790,Liga III - Serie 7,Romania,2026,false,true,false,false,true,true,false,false,0,1,,
C,382,Liga Leumit,Israel,2026,false,true,false,false,true,true,false,false,0,1,,
C,759,Liga Mayor,Dominican-Republic,2026,false,true,false,false,true,true,false,false,0,1,,
C,1200,Liga MX U21,Mexico,2026,false,true,false,false,true,true,false,false,0,1,,
C,339,Liga Nacional,Guatemala,2026,false,true,false,true,true,false,false,false,0,1,,
C,722,Liga Premier Serie A,Mexico,2026,false,true,false,false,true,true,false,false,0,1,,
C,872,Liga Premier Serie B,Mexico,2026,false,true,false,false,true,true,false,false,0,1,,
C,701,Liga Revelação U23,Portugal,2026,false,true,false,false,true,true,false,false,0,1,,
C,1142,Mineiro - 3,Brazil,2026,false,true,false,false,true,true,false,false,0,1,,
C,1107,Mineiro U20,Brazil,2026,false,true,false,true,true,false,false,false,0,1,,
C,710,Nacional B,Bolivia,2026,false,true,false,false,true,true,false,false,0,1,,
C,51,National League - South,England,2026,false,true,false,false,true,true,false,false,0,1,,
C,405,National Soccer League,Rwanda,2026,false,true,false,false,true,true,false,false,0,1,,
C,105,NM Cupen,Norway,2027,false,true,false,true,true,false,false,false,0,1,,
C,58,Non League Premier - Isthmian,England,2026,false,true,false,false,true,true,false,false,0,1,,
C,59,Non League Premier - Northern,England,2026,false,true,false,false,true,true,false,false,0,1,,
C,931,Non League Premier - Southern Central,England,2026,false,true,false,false,true,true,false,false,0,1,,
C,322,Premier League,Jamaica,2026,false,true,false,false,true,true,false,false,0,1,,
C,585,Premier League,Uganda,2026,false,true,false,false,true,true,false,false,0,1,,
C,871,Premier League Cup,England,2026,false,true,false,true,true,false,false,false,0,1,,
C,401,Premier Soccer League,Zimbabwe,2026,false,true,false,false,true,true,false,false,0,1,,
C,370,Primera Division,El-Salvador,2026,false,true,false,false,true,true,false,false,0,1,,
C,1242,Primera Premier,Mexico,2026,false,true,false,false,true,true,false,false,0,1,,
C,84,Regionalliga - Nord,Germany,2026,false,true,false,false,true,true,false,false,0,1,,
C,221,Regionalliga - Ost,Austria,2026,false,true,false,false,true,true,false,false,0,1,,
C,1238,Regionalliga - South,Austria,2026,false,true,false,false,true,true,false,false,0,1,,
C,86,Regionalliga - SudWest,Germany,2026,false,true,false,false,true,true,false,false,0,1,,
C,223,Regionalliga - West,Austria,2026,false,true,false,false,true,true,false,false,0,1,,
C,87,Regionalliga - West,Germany,2026,false,true,false,false,true,true,false,false,0,1,,
C,518,Reserve Pro League,Belgium,2026,false,true,false,false,true,true,false,false,0,1,,
C,372,Second League,Macedonia,2026,false,true,false,false,true,true,false,false,0,1,,
C,946,Second NL,Croatia,2026,false,true,false,false,true,true,false,false,0,1,,
C,1198,Serie A Cup Women,Italy,2026,false,true,false,true,true,false,false,false,0,1,,
C,146,Super League Women,Belgium,2026,false,true,false,false,true,true,false,false,0,1,,
C,664,Superliga,Kosovo,2026,false,true,false,false,true,true,false,false,0,1,,
C,451,Tercera División RFEF - Group 13,Spain,2026,false,true,false,false,true,true,false,false,0,1,,
C,443,Tercera División RFEF - Group 5,Spain,2026,false,true,false,false,true,true,false,false,0,1,,
C,444,Tercera División RFEF - Group 6,Spain,2026,false,true,false,false,true,true,false,false,0,1,,
C,445,Tercera División RFEF - Group 7,Spain,2026,false,true,false,false,true,true,false,false,0,1,,
C,297,Thai League 2,Thailand,2026,false,true,false,false,true,true,false,false,0,1,,
C,1067,Torneo Promocional Amateur,Argentina,2026,false,true,false,false,true,true,false,false,0,1,,
C,637,V.League 2,Vietnam,2027,false,true,false,false,true,true,false,false,0,1,,
C,195,Victoria NPL,Australia,2026,false,true,false,false,true,true,false,false,0,1,,
C,668,1. Liga U19,Czech-Republic,2026,false,true,false,false,true,false,false,false,0,1,,
C,646,3. liga - Center,Slovakia,2026,false,true,false,false,true,false,false,false,0,1,,
C,645,3. liga - East,Slovakia,2026,false,true,false,false,true,false,false,false,0,1,,
C,460,Campeonato de Portugal Prio - Group D,Portugal,2026,false,true,false,false,true,false,false,false,0,1,,
C,1147,Capixaba B,Brazil,2027,false,true,false,false,false,true,false,false,0,1,,
C,1036,Copa Santa Catarina,Brazil,2026,false,true,false,false,true,false,false,false,0,1,,
C,341,Cup,Vietnam,2027,false,true,false,false,true,false,false,false,0,1,,
C,91,Eredivisie Women,Netherlands,2026,false,true,false,false,false,true,false,false,0,1,,
C,496,Liga Alef,Israel,2026,false,true,false,false,true,false,false,false,0,1,,
C,1229,Liga Women,Peru,2026,false,true,false,false,true,false,false,false,0,1,,
C,1115,Paraense A3,Brazil,2026,false,true,false,false,false,true,false,false,0,1,,
C,1088,Pernambucano - U20,Brazil,2026,false,true,false,false,false,true,false,false,0,1,,
C,1039,Premier League International Cup,World,2026,false,true,false,false,true,false,false,false,0,1,,
C,677,QSL Cup,Qatar,2026,false,true,false,false,true,false,false,false,0,1,,
C,716,Senior Shield,Hong-Kong,2026,false,true,false,false,true,false,false,false,0,1,,
C,1240,U19 league,Turkey,2026,false,true,false,false,false,true,false,false,0,1,,
C,187,Ligue 2,Algeria,2026,false,true,false,false,false,false,false,false,0,1,,
C,150,Second Amateur Division - VFV B,Belgium,2026,false,true,false,false,false,false,false,false,0,1,,
C,488,U19 Bundesliga,Germany,2026,false,true,false,false,false,false,false,false,0,1,,
D,188,A-League,Australia,2026,false,false,false,false,false,true,false,false,12,0,2014,
D,556,Super Cup,Spain,2026,false,false,false,false,false,false,true,false,10,0,2016,
D,143,Copa del Rey,Spain,2026,false,false,false,false,false,false,false,false,8,0,2018,
D,90,KNVB Beker,Netherlands,2026,false,false,false,true,true,false,true,false,7,0,2019,
D,533,CAF Super Cup,World,2026,false,false,false,false,false,false,false,false,6,0,2020,
D,181,FA Cup,Scotland,2026,false,false,false,false,false,false,false,false,6,0,2019,
D,97,Taça da Liga,Portugal,2026,false,false,false,false,false,false,false,false,6,0,2019,
D,270,Primera División - Clausura,Uruguay,2025,false,false,false,true,true,true,true,true,4,0,2020,
D,200,Botola Pro,Morocco,2026,false,false,false,false,false,true,false,false,4,0,2022,
D,714,Cup,Egypt,2025,false,false,false,true,true,false,true,false,3,0,2022,
D,504,King's Cup,Saudi-Arabia,2027,false,false,false,true,true,false,false,false,3,0,2023,
D,139,Serie A Women,Italy,2026,false,false,false,false,false,true,false,false,3,0,2023,
D,536,CONCACAF Nations League,World,2025,false,false,false,false,false,false,false,false,3,0,2022,
D,7,Asian Cup,World,2027,false,false,false,false,false,true,true,false,2,0,2019,
D,493,UEFA U19 Championship,World,2026,false,false,false,true,true,false,false,false,2,0,2023,
D,622,Pernambucano - 1,Brazil,2026,false,false,false,true,true,true,true,false,1,0,2025,
D,1033,Ekstraliga Women,Poland,2026,false,false,false,true,true,true,false,false,1,0,2025,
D,638,Kvindeliga,Denmark,2026,false,false,false,true,true,true,false,false,1,0,2025,
D,924,Piala Presiden,Indonesia,2026,false,false,false,true,true,true,false,false,1,0,2025,
D,854,WE League,Japan,2026,false,false,false,true,true,true,false,false,1,0,2025,
D,588,National League,Myanmar,2026,false,false,false,false,true,true,false,false,1,0,2025,
D,406,Professional League,Oman,2026,false,false,false,false,true,true,false,false,1,0,2025,
D,391,Super League,Malawi,2026,false,false,false,false,true,true,false,false,1,0,2025,
D,587,World Cup - U17,World,2026,false,false,false,false,false,false,false,false,1,0,2025,
D,850,UEFA U21 Championship - Qualification,World,2027,false,false,false,true,true,true,true,true,0,0,,
D,388,1. Division,Kazakhstan,2026,false,false,false,true,true,true,true,false,0,0,,
D,117,1. Division,Belarus,2026,false,false,false,true,true,true,true,false,0,0,,
D,1027,3. Lig - Group 4,Turkey,2025,false,false,false,true,true,true,true,false,0,0,,
D,952,AFC U23 Asian Cup - Qualification,World,2026,false,false,false,true,true,false,true,true,0,0,,
D,922,Africa Cup of Nations - Women,World,2025,false,false,false,true,true,true,true,false,0,0,,
D,19,African Nations Championship,World,2024,false,false,false,true,true,true,true,false,0,0,,
D,77,Alagoano,Brazil,2026,false,false,false,true,true,true,true,false,0,0,,
D,1134,Amazonense - 2,Brazil,2026,false,false,false,true,true,true,true,false,0,0,,
D,860,Arab Cup,World,2025,false,false,false,true,true,true,true,false,0,0,,
D,35,Asian Cup - Qualification,World,2024,false,false,false,true,true,true,true,false,0,0,,
D,602,Baiano - 1,Brazil,2026,false,false,false,true,true,true,true,false,0,0,,
D,740,Brasileiro U20 A,Brazil,2026,false,false,false,true,true,true,true,false,0,0,,
D,681,Campeonato de Portugal Prio - Group E,Portugal,2021,false,false,false,true,true,true,true,false,0,0,,
D,682,Campeonato de Portugal Prio - Group F,Portugal,2021,false,false,false,true,true,true,true,false,0,0,,
D,683,Campeonato de Portugal Prio - Group G,Portugal,2020,false,false,false,true,true,true,true,false,0,0,,
D,684,Campeonato de Portugal Prio - Group H,Portugal,2020,false,false,false,true,true,true,true,false,0,0,,
D,705,Campionato Primavera - 1,Italy,2026,false,false,false,true,true,true,true,false,0,0,,
D,611,Capixaba,Brazil,2026,false,false,false,true,true,true,true,false,0,0,,
D,604,Catarinense - 1,Brazil,2026,false,false,false,true,true,true,true,false,0,0,,
D,936,Catarinense - 2,Brazil,2026,false,false,false,true,true,true,true,false,0,0,,
D,609,Cearense - 1,Brazil,2026,false,false,false,true,true,true,true,false,0,0,,
D,241,Copa Colombia,Colombia,2026,false,false,false,true,true,true,true,false,0,0,,
D,1220,Copa De La Liga,Chile,2026,false,false,false,true,true,true,true,false,0,0,,
D,612,Copa do Nordeste,Brazil,2026,false,false,false,true,true,true,true,false,0,0,,
D,1097,Copa Espírito Santo,Brazil,2026,false,false,false,true,true,true,true,false,0,0,,
D,337,Druha Liga - Group B,Ukraine,2021,false,false,false,true,true,true,true,false,0,0,,
D,1188,EAFF E-1 Football Championship - Women,World,2025,false,false,false,true,true,true,true,false,0,0,,
D,477,Gaúcho - 1,Brazil,2026,false,false,false,true,true,true,true,false,0,0,,
D,628,Goiano - 1,Brazil,2026,false,false,false,true,true,true,true,false,0,0,,
D,324,I-League,India,2025,false,false,false,true,true,true,true,false,0,0,,
D,781,III Liga - Group 2,Poland,2026,false,false,false,true,true,true,true,false,0,0,,
D,1235,J2/J3 League,Japan,2026,false,false,false,true,true,true,true,false,0,0,,
D,247,Kakkonen - Lohko A,Finland,2026,false,false,false,true,true,true,true,false,0,0,,
D,249,Kakkonen - Lohko C,Finland,2025,false,false,false,true,true,true,true,false,0,1,,
D,630,Matogrossense,Brazil,2026,false,false,false,true,true,true,true,false,0,0,,
D,629,Mineiro - 1,Brazil,2026,false,false,false,true,true,true,true,false,0,0,,
D,70,National 2 - Group D,France,2023,false,false,false,true,true,true,true,false,0,0,,
D,468,National 3 - Group I,France,2024,false,false,false,true,true,true,true,false,0,0,,
D,469,National 3 - Group J,France,2024,false,false,false,true,true,true,true,false,0,0,,
D,470,National 3 - Group K,France,2023,false,false,false,true,true,true,true,false,0,0,,
D,471,National 3 - Group L,France,2022,false,false,false,true,true,true,true,false,0,0,,
D,472,National 3 - Group M,France,2022,false,false,false,true,true,true,true,false,0,0,,
D,1214,OFC Pro League,World,2026,false,false,false,true,true,true,true,false,0,0,,
D,524,Olympics Women,World,2024,false,false,false,true,true,true,true,false,0,0,,
D,627,Paraense,Brazil,2026,false,false,false,true,true,true,true,false,0,0,,
D,603,Paraibano,Brazil,2026,false,false,false,true,true,true,true,false,0,0,,
D,606,Paranaense - 1,Brazil,2026,false,false,false,true,true,true,true,false,0,0,,
D,476,Paulista - A2,Brazil,2026,false,false,false,true,true,true,true,false,0,0,,
D,605,Paulista - A3,Brazil,2026,false,false,false,true,true,true,true,false,0,0,,
D,621,Piauiense,Brazil,2026,false,false,false,true,true,true,true,false,0,0,,
D,616,Potiguar,Brazil,2026,false,false,false,true,true,true,true,false,0,0,,
D,390,Premier League,Lebanon,2025,false,false,false,true,true,true,true,false,0,0,,
D,762,Premier League,Mauritania,2025,false,false,false,true,true,true,true,false,0,0,,
D,1022,Premier League - Summer Series,England,2025,false,false,false,true,true,true,true,false,0,0,,
D,280,Premiership,New-Zealand,2020,false,false,false,true,true,true,true,false,0,0,,
D,437,Primera División RFEF - Group 3,Spain,2020,false,false,false,true,true,true,true,false,0,0,,
D,438,Primera División RFEF - Group 4,Spain,2020,false,false,false,true,true,true,true,false,0,0,,
D,692,Primera División RFEF - Group 5,Spain,2020,false,false,false,true,true,true,true,false,0,0,,
D,222,Regionalliga - Mitte,Austria,2025,false,false,false,true,true,true,true,false,0,0,,
D,688,Regionalliga - Salzburg,Austria,2022,false,false,false,true,true,true,true,false,0,0,,
D,687,Regionalliga - Tirol,Austria,2022,false,false,false,true,true,true,true,false,0,0,,
D,618,São Paulo Youth Cup,Brazil,2026,false,false,false,true,true,true,true,false,0,0,,
D,626,Sergipano,Brazil,2026,false,false,false,true,true,true,true,false,0,0,,
D,1040,UEFA Nations League - Women,World,2025,false,false,false,true,true,true,true,false,0,0,,
D,671,Úrvalsdeild Women,Iceland,2025,false,false,false,true,true,true,true,false,0,0,,
D,1095,USL League One Cup,USA,2026,false,false,false,true,true,true,true,false,0,0,,
D,669,1. Liga Women,Czech-Republic,2026,false,false,false,true,true,true,false,false,0,0,,
D,1054,2. Division - Play-offs,Norway,2024,false,false,false,true,true,false,true,false,0,0,,
D,1034,2. Frauen Bundesliga,Germany,2026,false,false,false,true,true,true,false,false,0,0,,
D,123,2nd Division - Group 2,Denmark,2020,false,false,false,false,true,true,true,false,0,0,,
D,1007,3. Lig - Play-offs,Turkey,2025,false,false,false,true,true,false,true,false,0,0,,
D,1010,3. liga - Promotion Play-off,Czech-Republic,2025,false,false,false,true,true,false,true,false,0,0,,
D,795,3. SNL - West,Slovenia,2026,false,false,false,true,true,true,false,false,0,0,,
D,520,Acreano,Brazil,2026,false,false,false,true,true,true,false,false,0,0,,
D,807,AFC Challenge Cup,World,2014,false,false,false,true,true,false,true,false,0,0,,
D,1101,AFC U17 Asian Cup - Women,World,2025,false,false,false,true,true,true,false,false,0,0,,
D,538,Africa Cup of Nations U20,World,2025,false,false,false,true,true,false,true,false,0,0,,
D,1043,African Football League,World,2023,false,false,false,true,true,false,true,false,0,0,,
D,1162,AGCFF Gulf Champions League,World,2025,false,false,false,true,true,false,true,false,0,0,,
D,1110,Alagoano U20,Brazil,2025,false,false,false,false,true,true,true,false,0,0,,
D,902,Algarve Cup,World,2021,false,false,false,true,true,false,true,false,0,0,,
D,521,Amapaense,Brazil,2026,false,false,false,true,true,true,false,false,0,0,,
D,522,Amazonense,Brazil,2026,false,false,false,true,true,true,false,false,0,0,,
D,908,ASEAN Championship U23,World,2025,false,false,false,true,true,false,true,false,0,0,,
D,739,AXA Women’s Super League,Switzerland,2026,false,false,false,true,true,true,false,false,0,0,,
D,1244,B-Liga Women,Denmark,2026,false,false,false,true,true,true,false,false,0,0,,
D,613,Baiano - 2,Brazil,2026,false,false,false,true,true,true,false,false,0,0,,
D,201,Botola 2,Morocco,2025,false,false,false,true,true,true,false,false,0,0,,
D,610,Brasiliense,Brazil,2026,false,false,false,false,true,true,true,false,0,0,,
D,1016,CAC Games,World,2026,false,false,false,true,true,true,false,false,0,0,,
D,973,CAF Cup of Nations - U17,World,2026,false,false,false,true,true,true,false,false,0,0,,
D,1015,CAF U23 Cup of Nations,World,2023,false,false,false,true,true,false,true,false,0,0,,
D,1008,CAFA Nations Cup,World,2025,false,false,false,true,true,false,true,false,0,0,,
D,991,Campeonato de Portugal Prio - Promotion Round,Portugal,2025,false,false,false,false,true,true,true,false,0,0,,
D,1092,Capital Territory NPL 2,Australia,2025,false,false,false,false,true,true,true,false,0,0,,
D,851,Carioca A2,Brazil,2026,false,false,false,false,true,true,true,false,0,0,,
D,1155,Carioca B2,Brazil,2026,false,false,false,true,true,true,false,false,0,0,,
D,1106,Carioca C,Brazil,2026,false,false,false,true,true,true,false,false,0,0,,
D,620,Cearense - 2,Brazil,2026,false,false,false,true,true,true,false,false,0,0,,
D,766,China Cup,World,2019,false,false,false,true,true,false,true,false,0,0,,
D,858,CONCACAF Gold Cup - Qualification,World,2025,false,false,false,true,true,false,true,false,0,0,,
D,1046,CONCACAF Gold Cup - Qualification - Women,World,2024,false,false,false,true,true,false,true,false,0,0,,
D,1057,CONCACAF Gold Cup - Women,World,2024,false,false,false,true,true,false,true,false,0,0,,
D,767,CONCACAF League,World,2022,false,false,false,true,true,false,true,false,0,0,,
D,808,CONCACAF Nations League - Qualification,World,2018,false,false,false,true,true,false,true,false,0,0,,
D,963,CONCACAF U17,World,2025,false,false,false,true,true,false,true,false,0,0,,
D,1136,CONCACAF W Champions Cup,World,2025,false,false,false,true,true,false,true,false,0,0,,
D,1001,CONCACAF Women U20,World,2025,false,false,false,true,true,false,true,false,0,0,,
D,1060,CONMEBOL - Pre-Olympic Tournament,World,2024,false,false,false,true,true,false,true,false,0,0,,
D,970,CONMEBOL - U17,World,2026,false,false,false,true,true,true,false,false,0,0,,
D,540,CONMEBOL Libertadores U20,World,2026,false,false,false,true,true,false,true,false,0,0,,
D,1206,CONMEBOL Nations League Women,World,2025,false,false,false,true,true,true,false,false,0,0,,
D,541,CONMEBOL Recopa,World,2026,false,false,false,true,true,false,true,false,0,0,,
D,1063,Copa Alagoas,Brazil,2026,false,false,false,true,true,false,true,false,0,0,,
D,926,Copa America Femenina,World,2025,false,false,false,true,true,false,true,false,0,0,,
D,1225,Copa Centro-Oeste,Brazil,2026,false,false,false,true,true,false,true,false,0,0,,
D,267,Copa Chile,Chile,2026,false,false,false,true,true,false,true,false,0,0,,
D,958,Copa Costa Rica,Costa-Rica,2025,false,false,false,true,true,false,true,false,0,0,,
D,1212,Copa De La Liga Auf,Uruguay,2026,false,false,false,true,true,false,true,false,0,0,,
D,483,Copa de la Superliga,Argentina,2020,false,false,false,true,true,false,true,false,0,0,,
D,1184,Copa Grão Pará,Brazil,2026,false,false,false,true,true,false,true,false,0,0,,
D,264,Copa MX,Mexico,2019,false,false,false,true,true,false,true,false,0,0,,
D,1223,Copa Norte,Brazil,2026,false,false,false,true,true,false,true,false,0,0,,
D,503,Copa Perú,Peru,2025,false,false,false,true,true,false,true,false,0,0,,
D,1219,Copa Presidente,El-Salvador,2026,false,false,false,true,true,false,true,false,0,0,,
D,1224,Copa Sul-Sudeste,Brazil,2026,false,false,false,true,true,false,true,false,0,0,,
D,1113,Copa Venezuela,Venezuela,2026,false,false,false,true,true,true,false,false,0,0,,
D,843,Copa Verde,Brazil,2025,false,false,false,true,true,false,true,false,0,0,,
D,859,COSAFA Cup,World,2025,false,false,false,true,true,false,true,false,0,0,,
D,832,Coupe de la Ligue,Algeria,2020,false,false,false,true,true,false,true,false,0,0,,
D,514,Coupe Nationale,Algeria,2025,false,false,false,true,true,false,true,false,0,0,,
D,827,Crown Prince Cup,Saudi-Arabia,2017,false,false,false,true,true,false,true,false,0,0,,
D,420,Cup,Azerbaijan,2025,false,false,false,true,true,false,true,false,0,0,,
D,511,Cup,Tunisia,2025,false,false,false,true,true,false,true,false,0,0,,
D,314,Cup,Bosnia,2025,false,false,false,true,true,false,true,false,0,0,,
D,174,Cup,Bulgaria,2025,false,false,false,true,true,false,true,false,0,0,,
D,498,Cup,Kazakhstan,2026,false,false,false,true,true,false,true,false,0,0,,
D,507,Cup,South-Africa,2025,false,false,false,true,true,false,true,false,0,0,,
D,321,Cup,Cyprus,2025,false,false,false,true,true,false,true,false,0,0,,
D,167,Cup,Iceland,2026,false,false,false,true,true,false,true,false,0,0,,
D,375,Cup,Slovenia,2025,false,false,false,true,true,false,true,false,0,0,,
D,707,Cup,Albania,2025,false,false,false,true,true,false,true,false,0,0,,
D,709,Cup,Armenia,2024,false,false,false,true,true,false,true,false,0,0,,
D,723,Cup,Montenegro,2025,false,false,false,true,true,false,true,false,0,0,,
D,756,Cup,Macedonia,2026,false,false,false,true,true,false,true,false,0,0,,
D,959,Cup,Singapore,2025,false,false,false,true,true,false,true,false,0,0,,
D,855,Dhivehi Premier League,Maldives,2023,false,false,false,false,true,true,true,false,0,0,,
D,1053,Division 2 - Play-offs,Sweden,2025,false,false,false,true,true,false,true,false,0,0,,
D,336,Druha Liga,Ukraine,2026,false,false,false,true,true,true,false,false,0,0,,
D,1169,EAFF E-1 Football Championship - Qualification,World,2025,false,false,false,true,true,false,true,false,0,0,,
D,411,Elite One,Cameroon,2026,false,false,false,true,true,true,false,false,0,0,,
D,720,Emir Cup,Kuwait,2026,false,false,false,true,true,false,true,false,0,0,,
D,824,Emir Cup,Qatar,2026,false,false,false,true,true,false,true,false,0,0,,
D,102,Emperor Cup,Japan,2026,false,false,false,true,true,false,true,false,0,0,,
D,1143,Estadual Junior U20,Brazil,2026,false,false,false,true,true,true,false,false,0,0,,
D,1055,Ettan - Relegation Round,Sweden,2025,false,false,false,true,true,false,true,false,0,0,,
D,298,FA Cup,Thailand,2025,false,false,false,true,true,false,true,false,0,0,,
D,294,FA Cup,South-Korea,2026,false,false,false,true,true,false,true,false,0,0,,
D,171,FA Cup,China,2026,false,false,false,true,true,false,true,false,0,0,,
D,821,FA Trophy,Malta,2025,false,false,false,true,true,false,true,false,0,0,,
D,546,FAI President's Cup,Ireland,2025,false,false,false,true,true,false,true,false,0,0,,
D,1186,FIFA Club World Cup - Play-In,World,2025,false,false,false,true,true,false,true,false,0,0,,
D,1222,FIFA Series,World,2026,false,false,false,true,true,false,true,false,0,0,,
D,198,Football League,Greece,2020,false,false,false,false,true,true,true,false,0,0,,
D,666,Friendlies Women,World,2026,false,false,false,true,true,false,true,false,0,0,,
D,478,Gaúcho - 2,Brazil,2025,false,false,false,false,true,true,true,false,0,0,,
D,1150,Gaúcho - 3,Brazil,2026,false,false,false,true,true,true,false,false,0,0,,
D,845,GFA League,Gambia,2025,false,false,false,true,true,true,false,false,0,0,,
D,495,Hazfi Cup,Iran,2025,false,false,false,true,true,false,true,false,0,0,,
D,733,I Liga - Women,Slovakia,2026,false,false,false,true,true,true,false,false,0,0,,
D,717,I-League - 2nd Division,India,2026,false,false,false,true,true,true,false,false,0,0,,
D,26,International Champions Cup,World,2019,false,false,false,true,true,false,true,false,0,0,,
D,945,International Champions Cup - Women,World,2022,false,false,false,true,true,false,true,false,0,0,,
D,1052,Kakkonen - Play-offs,Finland,2025,false,false,false,true,true,false,true,false,0,0,,
D,1038,King's Cup,World,2025,false,false,false,true,true,false,true,false,0,0,,
D,1213,Kings World Cup Nations,World,2026,false,false,false,true,true,false,true,false,0,0,,
D,916,Kirin Cup,World,2022,false,false,false,true,true,false,true,false,0,0,,
D,647,Lao League,Laos,2025,false,false,false,true,true,true,false,false,0,0,,
D,505,League Cup,Singapore,2017,false,false,false,true,true,false,true,false,0,0,,
D,508,League Cup,South-Africa,2025,false,false,false,true,true,false,true,false,0,0,,
D,360,League Cup,Ireland,2020,false,false,false,true,true,false,true,false,0,0,,
D,738,League Cup,Wales,2025,false,false,false,true,true,false,true,false,0,0,,
D,898,League Cup,Thailand,2025,false,false,false,true,true,false,true,false,0,0,,
D,899,League Cup,Finland,2026,false,false,false,true,true,false,true,false,0,0,,
D,608,Maranhense,Brazil,2026,false,false,false,true,true,true,false,false,0,0,,
D,619,Mineiro - 2,Brazil,2026,false,false,false,true,true,true,false,false,0,0,,
D,823,Nasjonal U19 Champions League,Norway,2026,false,false,false,true,true,true,false,false,0,0,,
D,67,National 2 - Group A,France,2026,false,false,false,true,true,true,false,false,0,0,,
D,68,National 2 - Group B,France,2026,false,false,false,true,true,true,false,false,0,0,,
D,69,National 2 - Group C,France,2026,false,false,false,true,true,true,false,false,0,0,,
D,464,National 3 - Group D,France,2025,false,false,false,true,true,true,false,false,0,0,,
D,465,National 3 - Group E,France,2025,false,false,false,true,true,true,false,false,0,0,,
D,1029,National 3 - Group G,France,2025,false,false,false,true,true,true,false,false,0,0,,
D,467,National 3 - Group H,France,2025,false,false,false,true,true,true,false,false,0,0,,
D,376,National Football League,Fiji,2025,false,false,false,false,true,true,true,false,0,0,,
D,954,National League - Central,New-Zealand,2025,false,false,false,true,true,false,true,false,0,0,,
D,984,National League - North - Play-offs,England,2024,false,false,false,true,true,false,true,false,0,0,,
D,956,National League - Northern,New-Zealand,2025,false,false,false,true,true,false,true,false,0,0,,
D,49,National League - Play-offs,England,2018,false,false,false,true,true,false,true,false,0,0,,
D,985,National League - South - Play-offs,England,2024,false,false,false,true,true,false,true,false,0,0,,
D,957,National League - Southern,New-Zealand,2025,false,false,false,true,true,false,true,false,0,0,,
D,633,NB III - Northeast,Hungary,2026,false,false,false,true,true,true,false,false,0,0,,
D,635,NB III - Northwest,Hungary,2026,false,false,false,true,true,true,false,false,0,0,,
D,1023,NB III - Southeast,Hungary,2026,false,false,false,true,true,true,false,false,0,0,,
D,634,NB III - Southwest,Hungary,2026,false,false,false,true,true,true,false,false,0,0,,
D,835,New South Wales NPL 2,Australia,2026,false,false,false,true,true,true,false,false,0,0,,
D,523,NISA,USA,2024,false,false,false,false,true,true,true,false,0,0,,
D,1119,NWSL - Liga MXF Summer Cup,USA,2024,false,false,false,true,true,false,true,false,0,0,,
D,806,OFC Nations Cup,World,2024,false,false,false,true,true,false,true,false,0,0,,
D,1122,OFC U19 Championship,World,2024,false,false,false,true,true,false,true,false,0,0,,
D,1105,Olympics - Intercontinental Play-offs,World,2024,false,false,false,true,true,false,true,false,0,0,,
D,881,Olympics Men - Qualification Concacaf,World,2020,false,false,false,true,true,false,true,false,0,0,,
D,882,Olympics Women - Qualification Asia,World,2024,false,false,false,true,true,false,true,false,0,0,,
D,1045,Pan American Games,World,2023,false,false,false,true,true,false,true,false,0,0,,
D,614,Paranaense - 2,Brazil,2026,false,false,false,true,true,true,false,false,0,0,,
D,1062,Paulista - A4,Brazil,2026,false,false,false,true,true,true,false,false,0,0,,
D,1098,Paulista Série B,Brazil,2026,false,false,false,true,true,true,false,false,0,0,,
D,1125,Pernambucano - 2,Brazil,2025,false,false,false,true,true,true,false,false,0,0,,
D,290,Persian Gulf Pro League,Iran,2026,false,false,false,true,true,true,false,false,0,0,,
D,279,Premier League,Malaysia,2022,false,false,false,false,true,true,true,false,0,0,,
D,569,Premier League,Kyrgyzstan,2026,false,false,false,true,true,true,false,false,0,0,,
D,425,Premier League,Syria,2025,false,false,false,true,true,true,false,false,0,0,,
D,764,Premier League,Mongolia,2027,false,false,false,true,true,true,false,false,0,0,,
D,769,Premier League Asia Trophy,World,2019,false,false,false,true,true,false,true,false,0,0,,
D,1103,Premiership Women,Northern-Ireland,2026,false,false,false,true,true,true,false,false,0,0,,
D,133,Primera D,Argentina,2023,false,false,false,false,true,true,true,false,0,0,,
D,591,Pro League,Trinidad-And-Tobago,2026,false,false,false,true,true,true,false,false,0,0,,
D,825,Qatar Cup,Qatar,2025,false,false,false,true,true,false,true,false,0,0,,
D,833,Queensland Premier League,Australia,2026,false,false,false,true,true,true,false,false,0,0,,
D,1003,Regionalliga - Relegation Round,Germany,2024,false,false,false,true,true,false,true,false,0,0,,
D,814,Reykjavik Cup,Iceland,2026,false,false,false,true,true,true,false,false,0,0,,
D,607,Roraimense,Brazil,2026,false,false,false,true,true,true,false,false,0,0,,
D,28,SAFF Championship,World,2023,false,false,false,true,true,false,true,false,0,0,,
D,888,Second League - Group B,Egypt,2022,false,false,false,false,true,true,true,false,0,0,,
D,889,Second League - Group C,Egypt,2022,false,false,false,false,true,true,true,false,0,0,,
D,1121,Second League A - Promotion Play-offs,Russia,2024,false,false,false,true,true,false,true,false,0,0,,
D,1061,Second League A - Spring Season Gold,Russia,2024,false,false,false,true,true,false,true,false,0,0,,
D,1064,Second League A - Spring Season Silver,Russia,2024,false,false,false,true,true,false,true,false,0,0,,
D,976,Serie C - Promotion - Play-offs,Italy,2025,false,false,false,true,true,false,true,false,0,0,,
D,975,Serie C - Relegation - Play-offs,Italy,2025,false,false,false,true,true,false,true,false,0,0,,
D,999,Serie D - Championship Round,Italy,2025,false,false,false,false,true,true,true,false,0,0,,
D,834,South Australia State League 1,Australia,2026,false,false,false,true,true,true,false,false,0,0,,
D,773,Sudamericano U20,World,2025,false,false,false,true,true,false,true,false,0,0,,
D,623,Sul-Matogrossense,Brazil,2026,false,false,false,true,true,true,false,false,0,0,,
D,246,Suomen Cup,Finland,2026,false,false,false,true,true,false,true,false,0,0,,
D,842,Super Copa,Uruguay,2026,false,false,false,true,true,false,true,false,0,0,,
D,1178,Super Copa International,Argentina,2025,false,false,false,true,true,false,true,false,0,0,,
D,527,Super Cup,Chile,2026,false,false,false,true,true,false,true,false,0,0,,
D,925,Super Cup,Czech-Republic,2015,false,false,false,true,true,false,true,false,0,0,,
D,550,Super Cup,Portugal,2026,false,false,false,true,true,false,true,false,0,0,,
D,516,Super Cup,Algeria,2025,false,false,false,true,true,false,true,false,0,0,,
D,548,Super Cup,Japan,2025,false,false,false,true,true,false,true,false,0,0,,
D,654,Super Cup,Armenia,2025,false,false,false,true,true,false,true,false,0,0,,
D,663,Super Cup,Russia,2026,false,false,false,true,true,false,true,false,0,0,,
D,678,Super Cup,Ukraine,2021,false,false,false,true,true,false,true,false,0,0,,
D,708,Super Cup,Albania,2025,false,false,false,true,true,false,true,false,0,0,,
D,727,Super Cup,Poland,2026,false,false,false,true,true,false,true,false,0,0,,
D,896,Super Cup,United-Arab-Emirates,2025,false,false,false,true,true,false,true,false,0,0,,
D,905,Super Cup,Iran,2025,false,false,false,true,true,false,true,false,0,0,,
D,818,Super Cup,Kazakhstan,2026,false,false,false,true,true,false,true,false,0,0,,
D,826,Super Cup,Saudi-Arabia,2026,false,false,false,true,true,false,true,false,0,0,,
D,1021,Super Cup,Croatia,2023,false,false,false,true,true,false,true,false,0,0,,
D,972,Super Cup,China,2026,false,false,false,true,true,false,true,false,0,0,,
D,1176,Super Cup,Latvia,2026,false,false,false,true,true,false,true,false,0,0,,
D,1221,Super Cup,Bosnia,2025,false,false,false,true,true,false,true,false,0,0,,
D,1243,Super League Women,South-Africa,2026,false,false,false,true,true,true,false,false,0,0,,
D,632,Supercopa do Brasil,Brazil,2026,false,false,false,true,true,false,true,false,0,0,,
D,713,Superliga,Colombia,2026,false,false,false,true,true,false,true,false,0,0,,
D,649,Supreme Division Women,Russia,2026,false,false,false,true,true,true,false,false,0,0,,
D,648,Tasmania NPL,Australia,2026,false,false,false,true,true,true,false,false,0,0,,
D,450,Tercera División RFEF - Group 12,Spain,2026,false,false,false,true,true,true,false,false,0,0,,
D,452,Tercera División RFEF - Group 14,Spain,2026,false,false,false,true,true,true,false,false,0,0,,
D,455,Tercera División RFEF - Group 17,Spain,2026,false,false,false,true,true,true,false,false,0,0,,
D,447,Tercera División RFEF - Group 9,Spain,2026,false,false,false,true,true,true,false,false,0,0,,
D,873,Thai Champions Cup,Thailand,2023,false,false,false,true,true,false,true,false,0,0,,
D,1211,Tipsport Liga,Czech-Republic,2026,false,false,false,true,true,true,false,false,0,0,,
D,1172,Torneo Amistoso de Verano,Bolivia,2026,false,false,false,true,true,false,true,false,0,0,,
D,914,Tournoi Maurice Revello,World,2026,false,false,false,true,true,false,true,false,0,0,,
D,1065,U19 League,Ukraine,2026,false,false,false,true,true,true,false,false,0,0,,
D,1123,UAE-Qatar - Super Cup,World,2026,false,false,false,true,true,false,true,false,0,0,,
D,1089,UAE-Qatar - Super Shield,World,2025,false,false,false,true,true,false,true,false,0,0,,
D,1024,UEFA - CONMEBOL - Club Challenge,World,2023,false,false,false,true,true,false,true,false,0,0,,
D,1083,UEFA Championship - Women - Qualification,World,2025,false,false,false,true,true,false,true,false,0,0,,
D,921,UEFA U17 Championship,World,2026,false,false,false,true,true,true,false,false,0,0,,
D,893,UEFA U19 Championship - Qualification,World,2027,false,false,false,true,true,true,false,false,0,0,,
D,1226,Victoria Premier League 2,Australia,2026,false,false,false,true,true,true,false,false,0,0,,
D,112,Welsh Cup,Wales,2025,false,false,false,true,true,false,true,false,0,0,,
D,586,West Bank Premier League,Palestine,2023,false,false,false,false,true,true,true,false,0,0,,
D,1094,Western Australia State League 1,Australia,2026,false,false,false,true,true,true,false,false,0,0,,
D,33,World Cup - Qualification Oceania,World,2026,false,false,false,true,true,false,true,false,0,0,,
D,880,World Cup - Women - Qualification Europe,World,2027,false,false,false,true,true,true,false,false,0,0,,
D,599,1. Liga Classic - Group 1,Switzerland,2026,false,false,false,false,true,true,false,false,0,0,,
D,948,1a Divisão - Women,Portugal,2026,false,false,false,true,true,false,false,false,0,0,,
D,166,2. Deild,Iceland,2026,false,false,false,false,true,true,false,false,0,0,,
D,118,2. Division,Belarus,2024,false,false,false,false,false,true,true,false,0,0,,
D,796,2. Liga Interregional - Group 1,Switzerland,2024,false,false,false,false,false,true,true,false,0,0,,
D,797,2. Liga Interregional - Group 2,Switzerland,2024,false,false,false,false,false,true,true,false,0,0,,
D,798,2. Liga Interregional - Group 3,Switzerland,2024,false,false,false,false,false,true,true,false,0,0,,
D,799,2. Liga Interregional - Group 4,Switzerland,2024,false,false,false,false,false,true,true,false,0,0,,
D,800,2. Liga Interregional - Group 5,Switzerland,2022,false,false,false,false,false,true,true,false,0,0,,
D,801,2. Liga Interregional - Group 6,Switzerland,2021,false,false,false,false,false,true,true,false,0,0,,
D,313,2a Divisió,Andorra,2024,false,false,false,false,false,true,true,false,0,0,,
D,512,2nd Division - Group A,Albania,2024,false,false,false,false,false,true,true,false,0,0,,
D,513,2nd Division - Group B,Albania,2024,false,false,false,false,false,true,true,false,0,0,,
D,554,3. Lig - Group 3,Turkey,2026,false,false,false,false,true,true,false,false,0,0,,
D,350,4. liga - Divizie A,Czech-Republic,2026,false,false,false,false,true,true,false,false,0,0,,
D,351,4. liga - Divizie B,Czech-Republic,2026,false,false,false,false,true,true,false,false,0,0,,
D,509,8 Cup,South-Africa,2026,false,false,false,true,true,false,false,false,0,0,,
D,590,A Division,Nepal,2023,false,false,false,false,false,true,true,false,0,0,,
D,1153,AFC U20 Asian Cup - Qualification,World,2024,false,false,false,true,true,false,false,false,0,0,,
D,1070,AFC U20 Asian Cup - Women,World,2025,false,false,false,true,true,false,false,false,0,0,,
D,532,AFC U23 Asian Cup,World,2025,false,false,false,true,true,false,false,false,0,0,,
D,1140,AFC Women's Champions League,World,2026,false,false,false,true,true,false,false,false,0,0,,
D,953,Africa U23 Cup of Nations - Qualification,World,2022,false,false,false,false,true,false,true,false,0,0,,
D,1163,African Nations Championship - Qualification,World,2024,false,false,false,false,true,false,true,false,0,0,,
D,545,AIFF Super Cup,India,2026,false,false,false,true,true,false,false,false,0,0,,
D,1146,Alagoano - 2,Brazil,2026,false,false,false,true,true,false,false,false,0,0,,
D,1013,All-Island Cup - Women,World,2026,false,false,false,false,true,true,false,false,0,0,,
D,934,Arab Championship - U20,World,2022,false,false,false,false,true,false,true,false,0,0,,
D,1208,Arabian Gulf Cup U23,World,2026,false,false,false,false,true,true,false,false,0,0,,
D,24,ASEAN Championship,World,2025,false,false,false,true,true,false,false,false,0,0,,
D,928,ASEAN Championship U19,World,2025,false,false,false,false,true,true,false,false,0,0,,
D,897,Asian Cup Women,World,2026,false,false,false,true,true,false,false,false,0,0,,
D,849,Baltic Cup,World,2025,false,false,false,true,true,false,false,false,0,0,,
D,1183,Brasileiro U20 B,Brazil,2026,false,false,false,false,true,true,false,false,0,0,,
D,191,Brisbane Premier League,Australia,2025,false,false,false,false,false,true,true,false,0,0,,
D,1164,CAF Women's Champions League,World,2025,false,false,false,true,true,false,false,false,0,0,,
D,857,Campeón de Campeones,Mexico,2026,false,false,false,true,true,false,false,false,0,0,,
D,457,Campeonato de Portugal Prio - Group A,Portugal,2026,false,false,false,false,true,true,false,false,0,0,,
D,458,Campeonato de Portugal Prio - Group B,Portugal,2026,false,false,false,false,true,true,false,false,0,0,,
D,459,Campeonato de Portugal Prio - Group C,Portugal,2026,false,false,false,false,true,true,false,false,0,0,,
D,625,Carioca - 2,Brazil,2026,false,false,false,false,true,true,false,false,0,0,,
D,1114,Carioca U20,Brazil,2026,false,false,false,false,true,true,false,false,0,0,,
D,1076,Catarinense U20,Brazil,2026,false,false,false,false,true,true,false,false,0,0,,
D,1124,Cearense - 3,Brazil,2026,false,false,false,false,true,true,false,false,0,0,,
D,1112,Cearense U20,Brazil,2026,false,false,false,false,true,true,false,false,0,0,,
D,1237,Central American and Caribbean Games,World,2026,false,false,false,true,true,false,false,false,0,0,,
D,1127,Chatham Cup,New-Zealand,2026,false,false,false,true,true,false,false,false,0,0,,
D,670,Community Shield Women,England,2020,false,false,false,true,true,false,false,false,0,0,,
D,1236,Como Cup,World,2026,false,false,false,true,true,false,false,false,0,0,,
D,534,CONCACAF Caribbean Club Shield,World,2026,false,false,false,true,true,false,false,false,0,0,,
D,1207,CONCACAF Series,World,2026,false,false,false,true,true,false,false,false,0,0,,
D,537,CONCACAF U20,World,2026,false,false,false,true,true,false,false,false,0,0,,
D,1066,CONCACAF U20 - Qualification,World,2025,false,false,false,true,true,false,false,false,0,0,,
D,1081,CONMEBOL - U17 Femenino,World,2025,false,false,false,true,true,false,false,false,0,0,,
D,1085,CONMEBOL U20 Femenino,World,2026,false,false,false,true,true,false,false,false,0,0,,
D,805,Copa Centroamericana,World,2016,false,false,false,true,true,false,false,false,0,0,,
D,655,Copa Constitució,Andorra,2025,false,false,false,true,true,false,false,false,0,0,,
D,1158,Copa Gaúcha,Brazil,2026,false,false,false,true,true,false,false,false,0,0,,
D,1180,Copa LDF,Dominican-Republic,2025,false,false,false,false,true,false,true,false,0,0,,
D,1187,Copa Nicaragua,Nicaragua,2026,false,false,false,true,true,false,false,false,0,0,,
D,501,Copa Paraguay,Paraguay,2026,false,false,false,true,true,false,false,false,0,0,,
D,867,Copa Paulino Alcantara,Philippines,2023,false,false,false,false,true,true,false,false,0,0,,
D,662,Copa por México,Mexico,2022,false,false,false,false,true,false,true,false,0,0,,
D,1082,Copa Rio U20,Brazil,2026,false,false,false,true,true,false,false,false,0,0,,
D,486,Coppa,Belarus,2026,false,false,false,true,true,false,false,false,0,0,,
D,704,Coppa Italia Primavera,Italy,2026,false,false,false,true,true,false,false,false,0,0,,
D,820,Crown Prince Cup,Kuwait,2025,false,false,false,false,true,false,true,false,0,0,,
D,665,Cup,Kosovo,2025,false,false,false,true,true,false,false,false,0,0,,
D,657,Cup,Estonia,2026,false,false,false,true,true,false,false,false,0,0,,
D,658,Cup,Latvia,2026,false,false,false,true,true,false,false,false,0,0,,
D,661,Cup,Lithuania,2026,false,false,false,true,true,false,false,false,0,0,,
D,966,Cup,Ghana,2025,false,false,false,true,true,false,false,false,0,0,,
D,967,Cup,Lebanon,2025,false,false,false,true,true,false,false,false,0,0,,
D,285,Cupa României,Romania,2026,false,false,false,false,true,false,true,false,0,0,,
D,672,David Kipiani Cup,Georgia,2026,false,false,false,true,true,false,false,false,0,0,,
D,127,Denmark Series - Group 4,Denmark,2025,false,false,false,false,true,true,false,false,0,0,,
D,93,Derde Divisie - Sunday,Netherlands,2025,false,false,false,false,true,true,false,false,0,0,,
D,947,DFB Pokal - Women,Germany,2026,false,false,false,true,true,false,false,false,0,0,,
D,377,Division d'Honneur,Guadeloupe,2024,false,false,false,false,false,true,true,false,0,0,,
D,23,EAFF E-1 Football Championship,World,2025,false,false,false,false,true,false,true,false,0,0,,
D,568,Eerste Divisie,Suriname,2025,false,false,false,false,false,true,true,false,0,0,,
D,937,Emirates Cup,World,2026,false,false,false,true,true,false,false,false,0,0,,
D,1228,Ethiopia Cup,Ethiopia,2026,false,false,false,true,true,false,false,false,0,0,,
D,698,FA Women's Cup,England,2025,false,false,false,true,true,false,false,false,0,0,,
D,1068,FA Youth Cup,England,2025,false,false,false,true,true,false,false,false,0,0,,
D,359,FAI Cup,Ireland,2026,false,false,false,true,true,false,false,false,0,0,,
D,1231,Federation Cup,Nigeria,2026,false,false,false,true,true,false,false,false,0,0,,
D,1217,FIFA Women Champions Cup,World,2026,false,false,false,true,true,false,false,false,0,0,,
D,992,Football League - Championship,Scotland,2024,false,false,false,false,true,false,true,false,0,0,,
D,1051,HKPL Cup,Hong-Kong,2024,false,false,false,true,true,false,false,false,0,0,,
D,1174,Hun Sen Cup,Cambodia,2025,false,false,false,true,true,false,false,false,0,0,,
D,757,Irish Cup,Northern-Ireland,2025,false,false,false,true,true,false,false,false,0,0,,
D,101,J-League Cup,Japan,2026,false,false,false,true,true,false,false,false,0,0,,
D,497,Japan Football League,Japan,2025,false,false,false,false,false,true,true,false,0,0,,
D,700,Kakkosen Cup,Finland,2021,false,false,false,false,true,false,true,false,0,0,,
D,640,Kansallinen Liiga,Finland,2026,false,false,false,false,true,true,false,false,0,0,,
D,1049,King's Cup,Bahrain,2025,false,false,false,false,true,false,true,false,0,0,,
D,1205,Kings Cup,Brazil,2025,false,false,false,true,true,false,false,false,0,0,,
D,168,League Cup,Iceland,2026,false,false,false,true,true,false,false,false,0,0,,
D,395,Liga 1,Moldova,2026,false,false,false,false,true,true,false,false,0,0,,
D,784,Liga III - Serie 1,Romania,2026,false,false,false,false,true,true,false,false,0,0,,
D,793,Liga III - Serie 10,Romania,2024,false,false,false,false,false,true,true,false,0,0,,
D,786,Liga III - Serie 3,Romania,2026,false,false,false,false,true,true,false,false,0,0,,
D,787,Liga III - Serie 4,Romania,2026,false,false,false,false,true,true,false,false,0,0,,
D,791,Liga III - Serie 8,Romania,2026,false,false,false,false,true,true,false,false,0,0,,
D,792,Liga III - Serie 9,Romania,2024,false,false,false,false,false,true,true,false,0,0,,
D,423,Ligue 1,Burkina-Faso,2026,false,false,false,false,true,true,false,false,0,0,,
D,566,Ligue A,Burundi,2026,false,false,false,false,true,true,false,false,0,0,,
D,379,Ligue Haïtienne,Haiti,2025,false,false,false,false,false,true,true,false,0,0,,
D,491,Løgmanssteypid,Faroe-Islands,2026,false,false,false,true,true,false,false,false,0,0,,
D,273,Magyar Kupa,Hungary,2026,false,false,false,true,true,false,false,false,0,0,,
D,499,Malaysia Cup,Malaysia,2025,false,false,false,true,true,false,false,false,0,0,,
D,919,Mediterranean Games,World,2026,false,false,false,true,true,false,false,false,0,0,,
D,1170,MFL Cup,Malaysia,2026,false,false,false,true,true,false,false,false,0,0,,
D,461,National 3 - Group A,France,2025,false,false,false,false,true,true,false,false,0,0,,
D,1056,National League - Championship - Final,New-Zealand,2025,false,false,false,false,true,false,true,false,0,0,,
D,50,National League - North,England,2026,false,false,false,false,true,true,false,false,0,0,,
D,1156,National League Cup,England,2026,false,false,false,true,true,false,false,false,0,0,,
D,1111,NB III - Promotion Play-offs,Hungary,2025,false,false,false,false,true,false,true,false,0,0,,
D,1090,NNSW League 1,Australia,2026,false,false,false,false,true,true,false,false,0,0,,
D,993,Non League Premier - Isthmian - Play-offs,England,2024,false,false,false,false,true,false,true,false,0,0,,
D,994,Non League Premier - Northern - Play-offs,England,2024,false,false,false,false,true,false,true,false,0,0,,
D,996,Non League Premier - Southern Central - Play-offs,England,2024,false,false,false,false,true,false,true,false,0,0,,
D,995,Non League Premier - Southern South - Play-offs,England,2024,false,false,false,false,true,false,true,false,0,0,,
D,1182,Northern Super League,Canada,2026,false,false,false,false,true,true,false,false,0,0,,
D,193,Northern Territory Premier League,Australia,2025,false,false,false,false,false,true,true,false,0,0,,
D,1230,Npl Nsw U20,Australia,2026,false,false,false,false,true,true,false,false,0,0,,
D,753,Oberliga - Baden-Württemberg,Germany,2026,false,false,false,false,true,true,false,false,0,0,,
D,749,Oberliga - Bremen,Germany,2026,false,false,false,false,true,true,false,false,0,0,,
D,750,Oberliga - Hessen,Germany,2026,false,false,false,false,true,true,false,false,0,0,,
D,748,Oberliga - Niedersachsen,Germany,2026,false,false,false,false,true,true,false,false,0,0,,
D,754,Oberliga - Nordost-Nord,Germany,2026,false,false,false,false,true,true,false,false,0,0,,
D,755,Oberliga - Nordost-Süd,Germany,2026,false,false,false,false,true,true,false,false,0,0,,
D,752,Oberliga - Rheinland-Pfalz / Saar,Germany,2026,false,false,false,false,true,true,false,false,0,0,,
D,744,Oberliga - Schleswig-Holstein,Germany,2026,false,false,false,false,true,true,false,false,0,0,,
D,1215,Obos Supercup,Norway,2026,false,false,false,false,true,false,true,false,0,0,,
D,27,OFC Champions League,World,2026,false,false,false,true,true,false,false,false,0,0,,
D,1203,Piauiense - 2,Brazil,2026,false,false,false,true,true,false,false,false,0,0,,
D,1149,Potiguar - 2,Brazil,2025,false,false,false,false,true,false,true,false,0,0,,
D,758,Premier Division,Gibraltar,2026,false,false,false,false,true,true,false,false,0,0,,
D,330,Premier League,Kuwait,2026,false,false,false,false,true,true,false,false,0,0,,
D,417,Premier League,Bahrain,2026,false,false,false,false,true,true,false,false,0,0,,
D,414,Premier League,Bermuda,2024,false,false,false,false,false,true,true,false,0,0,,
D,412,Premier League,Botswana,2026,false,false,false,false,true,true,false,false,0,0,,
D,868,Premier League,Pakistan,2021,false,false,false,false,true,true,false,false,0,0,,
D,1031,Premier League,Bhutan,2026,false,false,false,false,true,true,false,false,0,0,,
D,598,Première Division,Mali,2025,false,false,false,false,true,true,false,false,0,0,,
D,338,Primera Division,Guatemala,2024,false,false,false,false,false,true,true,false,0,0,,
D,1006,Primera División RFEF - Play Offs,Spain,2025,false,false,false,false,true,false,true,false,0,0,,
D,1218,Pro League U23,United-Arab-Emirates,2026,false,false,false,false,true,true,false,false,0,0,,
D,153,Provincial - Antwerpen,Belgium,2024,false,false,false,false,false,true,true,false,0,0,,
D,691,Provincial - Brabant ACFF,Belgium,2024,false,false,false,false,false,true,true,false,0,0,,
D,154,Provincial - Brabant VFV,Belgium,2024,false,false,false,false,false,true,true,false,0,0,,
D,155,Provincial - Hainaut,Belgium,2024,false,false,false,false,false,true,true,false,0,0,,
D,156,Provincial - Liege,Belgium,2024,false,false,false,false,false,true,true,false,0,0,,
D,157,Provincial - Limburg,Belgium,2024,false,false,false,false,false,true,true,false,0,0,,
D,158,Provincial - Luxembourg,Belgium,2024,false,false,false,false,false,true,true,false,0,0,,
D,159,Provincial - Namur,Belgium,2024,false,false,false,false,false,true,true,false,0,0,,
D,160,Provincial - Oost-Vlaanderen,Belgium,2024,false,false,false,false,false,true,true,false,0,0,,
D,161,Provincial - West-Vlaanderen,Belgium,2024,false,false,false,false,false,true,true,false,0,0,,
D,841,QFA Cup,Qatar,2022,false,false,false,false,true,false,true,false,0,0,,
D,482,Queensland NPL,Australia,2026,false,false,false,false,true,true,false,false,0,0,,
D,1059,Recopa Catarinense,Brazil,2026,false,false,false,false,true,false,true,false,0,0,,
D,83,Regionalliga - Bayern,Germany,2026,false,false,false,false,true,true,false,false,0,0,,
D,1239,Regionalliga - North,Austria,2026,false,false,false,false,true,true,false,false,0,0,,
D,1002,Regionalliga - Promotion Play-offs,Germany,2025,false,false,false,false,true,false,true,false,0,0,,
D,883,Reserve League,Netherlands,2021,false,false,false,false,true,true,false,false,0,0,,
D,615,Rondoniense,Brazil,2026,false,false,false,true,true,false,false,false,0,0,,
D,325,Santosh Trophy,India,2025,false,false,false,true,true,false,false,false,0,0,,
D,1160,Sapling Cup,Hong-Kong,2024,false,false,false,false,true,false,true,false,0,0,,
D,306,Second Division,Qatar,2026,false,false,false,false,true,true,false,false,0,0,,
D,1014,Second League - Play-offs,Egypt,2023,false,false,false,false,true,false,true,false,0,0,,
D,1000,Segunda División RFEF - Play-offs,Spain,2025,false,false,false,false,true,false,true,false,0,0,,
D,974,Serie C - Supercoppa Lega Finals,Italy,2025,false,false,false,false,true,false,true,false,0,0,,
D,997,Serie D - Promotion - Play-offs,Italy,2024,false,false,false,false,true,false,true,false,0,0,,
D,998,Serie D - Relegation - Play-offs,Italy,2024,false,false,false,false,true,false,true,false,0,0,,
D,1216,Serie Rio De La Plata,World,2026,false,false,false,true,true,false,false,false,0,0,,
D,816,Shield Cup,Jordan,2025,false,false,false,false,true,false,true,false,0,0,,
D,971,Shield Cup,Kenya,2026,false,false,false,true,true,false,false,false,0,0,,
D,846,Somali Premier League,Somalia,2024,false,false,false,false,true,true,false,false,0,0,,
D,194,South Australia NPL,Australia,2026,false,false,false,false,true,true,false,false,0,0,,
D,726,Sultan Cup,Oman,2025,false,false,false,false,true,false,true,false,0,0,,
D,539,Super Cup,Egypt,2026,false,false,false,true,true,false,false,false,0,0,,
D,519,Super Cup,Belgium,2026,false,false,false,true,true,false,false,false,0,0,,
D,530,Super Cup,Georgia,2026,false,false,false,false,true,false,true,false,0,0,,
D,809,Super Cup,Andorra,2026,false,false,false,true,true,false,false,false,0,0,,
D,830,Super Cup,Uzbekistan,2025,false,false,false,false,true,false,true,false,0,0,,
D,838,Super Cup,Jordan,2026,false,false,false,true,true,false,false,false,0,0,,
D,639,Super Cup,Iceland,2026,false,false,false,false,true,false,true,false,0,0,,
D,656,Super Cup,Bulgaria,2026,false,false,false,true,true,false,false,false,0,0,,
D,659,Super Cup,Israel,2026,false,false,false,true,true,false,false,false,0,0,,
D,719,Super Cup,Kuwait,2025,false,false,false,false,true,false,true,false,0,0,,
D,812,Super Cup,Belarus,2026,false,false,false,true,true,false,false,false,0,0,,
D,839,Super Cup,Lithuania,2026,false,false,false,true,true,false,false,false,0,0,,
D,852,Super Cup,Cyprus,2026,false,false,false,true,true,false,false,false,0,0,,
D,1042,Super Cup,Gibraltar,2026,false,false,false,true,true,false,false,false,0,0,,
D,1144,Super Cup,Ghana,2025,false,false,false,false,true,false,true,false,0,0,,
D,1177,Super Cup,Faroe-Islands,2026,false,false,false,true,true,false,false,false,0,0,,
D,1210,Super Cup,Greece,2027,false,false,false,true,true,false,false,false,0,0,,
D,1190,Super Cup Women,Netherlands,2025,false,false,false,false,true,false,true,false,0,0,,
D,1233,Super Cup Women,Russia,2026,false,false,false,true,true,false,false,false,0,0,,
D,277,Super League,Kenya,2025,false,false,false,false,true,true,false,false,0,0,,
D,558,Supercopa,Peru,2020,false,false,false,true,true,false,false,false,0,0,,
D,864,Supercopa,Costa-Rica,2025,false,false,false,true,true,false,false,false,0,0,,
D,961,Supercopa,Paraguay,2025,false,false,false,false,true,false,true,false,0,0,,
D,1181,Supercopa,Venezuela,2025,false,false,false,true,true,false,false,false,0,0,,
D,1137,Supercup der Frauen,Germany,2026,false,false,false,true,true,false,false,false,0,0,,
D,555,Supercupa,Romania,2026,false,false,false,true,true,false,false,false,0,0,,
D,589,Taiwan Football Premier League,Chinese-Taipei,2026,false,false,false,false,true,true,false,false,0,0,,
D,446,Tercera División RFEF - Group 8,Spain,2026,false,false,false,false,true,true,false,false,0,0,,
D,977,Tercera División RFEF - Promotion - Play-offs,Spain,2025,false,false,false,false,true,false,true,false,0,0,,
D,903,The Atlantic Cup,World,2026,false,false,false,true,true,false,false,false,0,0,,
D,689,Third Amateur Division - ACFF A,Belgium,2024,false,false,false,false,false,true,true,false,0,0,,
D,690,Third Amateur Division - ACFF B,Belgium,2024,false,false,false,false,false,true,true,false,0,0,,
D,151,Third Amateur Division - VFV A,Belgium,2024,false,false,false,false,false,true,true,false,0,0,,
D,152,Third Amateur Division - VFV B,Belgium,2024,false,false,false,false,false,true,true,false,0,0,,
D,631,Tocantinense,Brazil,2026,false,false,false,true,true,false,false,false,0,0,,
D,385,Toto Cup Ligat Al,Israel,2026,false,false,false,true,true,false,false,false,0,0,,
D,517,Trofeo de Campeones de la Superliga,Argentina,2026,false,false,false,true,true,false,false,false,0,0,,
D,987,U18 Premier League - Championship,England,2025,false,false,false,false,true,false,true,false,0,0,,
D,695,U18 Premier League - North,England,2026,false,false,false,false,true,true,false,false,0,0,,
D,696,U18 Premier League - South,England,2026,false,false,false,false,true,true,false,false,0,0,,
D,861,U20 League,Mexico,2022,false,false,false,false,true,true,false,false,0,0,,
D,679,U21 League,Ukraine,2020,false,false,false,false,true,true,false,false,0,0,,
D,515,U21 League 1,Algeria,2024,false,false,false,false,true,true,false,false,0,0,,
D,1017,U23 League,Mexico,2024,false,false,false,false,true,false,true,false,0,0,,
D,1102,UEFA U17 Championship - Women,World,2026,false,false,false,true,true,false,false,false,0,0,,
D,918,UEFA U19 Championship - Women,World,2026,false,false,false,true,true,false,false,false,0,0,,
D,571,Vysshaya Liga,Tajikistan,2026,false,false,false,false,true,true,false,false,0,0,,
D,1079,Yemeni League,Yemen,2023,false,false,false,false,false,true,true,false,0,0,,
D,901,Ykköscup,Finland,2026,false,false,false,true,true,false,false,false,0,0,,
D,600,1. Liga Classic - Group 2,Switzerland,2026,false,false,false,false,false,true,false,false,0,0,,
D,978,2nd Division - Play-offs,Albania,2024,false,false,false,false,false,false,true,false,0,0,,
D,320,3. Division,Cyprus,2025,false,false,false,false,false,true,false,false,0,0,,
D,643,3. liga - Bratislava,Slovakia,2021,false,false,false,false,false,true,false,false,0,0,,
D,644,3. liga - West,Slovakia,2026,false,false,false,false,true,false,false,false,0,0,,
D,190,A-League Women,Australia,2026,false,false,false,false,false,true,false,false,0,0,,
D,1132,AFC Challenge League,World,2026,false,false,false,false,true,false,false,false,0,0,,
D,1161,AFC U17 Asian Cup - Qualification,World,2024,false,false,false,false,true,false,false,false,0,0,,
D,965,AFC U20 Asian Cup,World,2026,false,false,false,false,true,false,false,false,0,0,,
D,1072,All Africa Games,World,2023,false,false,false,false,true,false,false,false,0,0,,
D,1189,Asean Championship Women,World,2026,false,false,false,false,true,false,false,false,0,0,,
D,894,Asian Cup Women - Qualification,World,2026,false,false,false,false,true,false,false,false,0,0,,
D,1202,Australian Championship,Australia,2026,false,false,false,false,false,true,false,false,0,0,,
D,741,Brasileiro de Aspirantes,Brazil,2024,false,false,false,false,true,false,false,false,0,0,,
D,1128,Brasileiro U17,Brazil,2026,false,false,false,false,false,true,false,false,0,0,,
D,1141,Brasiliense B,Brazil,2026,false,false,false,false,false,true,false,false,0,0,,
D,1100,Brasiliense U20,Brazil,2026,false,false,false,false,false,true,false,false,0,0,,
D,885,Campeones Cup,World,2026,false,false,false,false,true,false,false,false,0,0,,
D,258,Canadian Soccer League,Canada,2025,false,false,false,false,false,true,false,false,0,0,,
D,804,Caribbean Cup,World,2016,false,false,false,false,true,false,false,false,0,0,,
D,869,CECAFA Club Cup,World,2027,false,false,false,false,true,false,false,false,0,0,,
D,535,CECAFA Senior Challenge Cup,World,2021,false,false,false,false,true,false,false,false,0,0,,
D,1173,Challenge Cup,Malta,2025,false,false,false,false,true,false,false,false,0,0,,
D,968,Championnat D1,Gabon,2026,false,false,false,false,false,true,false,false,0,0,,
D,1084,Championnat National,Togo,2024,false,false,false,true,false,false,false,false,0,0,,
D,1019,Charity Shield,Northern-Ireland,2025,false,false,false,false,true,false,false,false,0,0,,
D,912,CONCACAF Women U17,World,2026,false,false,false,false,true,false,false,false,0,0,,
D,502,Copa Bicentenario,Peru,2020,false,false,false,false,true,false,false,false,0,0,,
D,891,Coppa Italia Serie C,Italy,2026,false,false,false,false,true,false,false,false,0,0,,
D,1171,Coppa Italia Women,Italy,2025,false,false,false,false,false,false,true,false,0,0,,
D,729,Coppa Titano,San-Marino,2026,false,false,false,false,true,false,false,false,0,0,,
D,940,COTIF Tournament,World,2026,false,false,false,false,true,false,false,false,0,0,,
D,220,Cup,Austria,2026,false,false,false,false,true,false,false,false,0,0,,
D,822,Cup,Morocco,2025,false,false,false,false,true,false,false,false,0,0,,
D,863,Cup,Jordan,2025,false,false,false,false,true,false,false,false,0,0,,
D,721,Cup,Luxembourg,2026,false,false,false,false,true,false,false,false,0,0,,
D,674,Cupa,Moldova,2026,false,false,false,false,true,false,false,false,0,0,,
D,642,Curaçao Sekshon Pagá,Curacao,2023,false,false,false,false,false,false,true,false,0,0,,
D,124,Denmark Series - Group 1,Denmark,2025,false,false,false,false,false,true,false,false,0,0,,
D,125,Denmark Series - Group 2,Denmark,2025,false,false,false,false,false,true,false,false,0,0,,
D,126,Denmark Series - Group 3,Denmark,2025,false,false,false,false,false,true,false,false,0,0,,
D,982,Denmark Series - Promotion Round,Denmark,2024,false,false,false,false,false,false,true,false,0,0,,
D,983,Denmark Series - Relegation Round,Denmark,2024,false,false,false,false,false,false,true,false,0,0,,
D,1004,Derde Divisie - Relegation Round,Netherlands,2025,false,false,false,false,false,true,false,false,0,0,,
D,715,DFB Junioren Pokal,Germany,2026,false,false,false,false,true,false,false,false,0,0,,
D,734,Diski Challenge,South-Africa,2026,false,false,false,false,false,true,false,false,0,0,,
D,331,Division 1,Kuwait,2025,false,false,false,false,false,true,false,false,0,0,,
D,309,Division 2,Saudi-Arabia,2026,false,false,false,false,false,true,false,false,0,0,,
D,1196,Division One League,Ghana,2026,false,false,false,false,false,true,false,false,0,0,,
D,47,FA Trophy,England,2026,false,false,false,false,true,false,false,false,0,0,,
D,485,Federation Cup,Bahrain,2023,false,false,false,false,true,false,false,false,0,0,,
D,1018,Federation Cup,Lebanon,2023,false,false,false,false,true,false,false,false,0,0,,
D,343,First League,Armenia,2026,false,false,false,false,false,true,false,false,0,0,,
D,276,FKF Premier League,Kenya,2026,false,false,false,false,false,true,false,false,0,0,,
D,694,Gamma Ethniki - Group 10,Greece,2020,false,false,false,false,false,true,false,false,0,0,,
D,582,Gamma Ethniki - Group 7,Greece,2021,false,false,false,false,false,true,false,false,0,0,,
D,583,Gamma Ethniki - Group 8,Greece,2020,false,false,false,false,false,true,false,false,0,0,,
D,693,Gamma Ethniki - Group 9,Greece,2020,false,false,false,false,false,true,false,false,0,0,,
D,1099,Gamma Ethniki - Relegation Play-offs,Greece,2023,false,false,false,false,false,false,true,false,0,0,,
D,1133,Goiano - 3,Brazil,2026,false,false,false,false,false,true,false,false,0,0,,
D,1069,Goiano U20,Brazil,2026,false,false,false,false,true,false,false,false,0,0,,
D,1209,Guangdong - Hong Kong Cup,Hong-Kong,2026,false,false,false,false,true,false,false,false,0,0,,
D,381,HKFA 1st Division,Hong-Kong,2025,false,false,false,false,false,true,false,false,0,0,,
D,941,Islamic Solidarity Games,World,2022,false,false,false,false,true,false,false,false,0,0,,
D,224,Landesliga - Burgenland,Austria,2025,false,false,false,false,false,true,false,false,0,0,,
D,225,Landesliga - Karnten,Austria,2025,false,false,false,false,false,true,false,false,0,0,,
D,226,Landesliga - Niederosterreich,Austria,2025,false,false,false,false,false,true,false,false,0,0,,
D,227,Landesliga - Oberosterreich,Austria,2025,false,false,false,false,false,true,false,false,0,0,,
D,228,Landesliga - Salzburg,Austria,2025,false,false,false,false,false,true,false,false,0,0,,
D,229,Landesliga - Steiermark,Austria,2025,false,false,false,false,false,true,false,false,0,0,,
D,230,Landesliga - Tirol,Austria,2025,false,false,false,false,false,true,false,false,0,0,,
D,231,Landesliga - Vorarlbergliga,Austria,2025,false,false,false,false,false,true,false,false,0,0,,
D,232,Landesliga - Wien,Austria,2025,false,false,false,false,false,true,false,false,0,0,,
D,923,League 1 Ontario,Canada,2025,false,false,false,false,false,false,true,false,0,0,,
D,760,LFA First Division,Liberia,2025,false,false,false,false,false,true,false,false,0,0,,
D,1009,Liga III - Play-offs,Romania,2025,false,false,false,false,false,true,false,false,0,0,,
D,785,Liga III - Serie 2,Romania,2026,false,false,false,false,false,true,false,false,0,0,,
D,788,Liga III - Serie 5,Romania,2026,false,false,false,false,false,true,false,false,0,0,,
D,565,Liga Primera U20,Nicaragua,2025,false,false,false,false,true,false,false,false,0,0,,
D,386,Ligue 1,Ivory-Coast,2026,false,false,false,false,false,true,false,false,0,0,,
D,403,Ligue 1,Senegal,2026,false,false,false,false,false,true,false,false,0,0,,
D,424,Ligue 1,Congo-DR,2025,false,false,false,false,false,true,false,false,0,0,,
D,844,Ligue 1,Congo,2025,false,false,false,false,false,true,false,false,0,0,,
D,1148,Maranhense - 2,Brazil,2026,false,false,false,false,false,true,false,false,0,0,,
D,1096,Matogrossense 2,Brazil,2026,false,false,false,false,false,true,false,false,0,0,,
D,763,Mauritian League,Mauritius,2024,false,false,false,false,true,false,false,false,0,0,,
D,866,MLS All-Star,USA,2026,false,false,false,false,true,false,false,false,0,0,,
D,462,National 3 - Group B,France,2025,false,false,false,false,false,true,false,false,0,0,,
D,463,National 3 - Group C,France,2025,false,false,false,false,false,true,false,false,0,0,,
D,466,National 3 - Group F,France,2025,false,false,false,false,false,true,false,false,0,0,,
D,955,National League - National,New-Zealand,2026,false,false,false,false,false,true,false,false,0,0,,
D,52,Non League Div One - Isthmian North,England,2025,false,false,false,false,false,true,false,false,0,0,,
D,53,Non League Div One - Isthmian South Central,England,2025,false,false,false,false,false,true,false,false,0,0,,
D,57,Non League Div One - Isthmian South East,England,2025,false,false,false,false,false,true,false,false,0,0,,
D,932,Non League Div One - Northern East,England,2025,false,false,false,false,false,true,false,false,0,0,,
D,55,Non League Div One - Northern Midlands,England,2025,false,false,false,false,false,true,false,false,0,0,,
D,54,Non League Div One - Northern West,England,2025,false,false,false,false,false,true,false,false,0,0,,
D,986,Non League Div One - Play-offs,England,2024,false,false,false,false,false,false,true,false,0,0,,
D,933,Non League Div One - Southern Central,England,2025,false,false,false,false,false,true,false,false,0,0,,
D,56,Non League Div One - Southern South,England,2025,false,false,false,false,false,true,false,false,0,0,,
D,1118,NPSL,USA,2025,false,false,false,false,false,false,true,false,0,0,,
D,641,NWSL Women - Challenge Cup,USA,2026,false,false,false,false,true,false,false,false,0,0,,
D,938,Oberliga - Bayern Nord,Germany,2026,false,false,false,false,true,false,false,false,0,0,,
D,939,Oberliga - Bayern Süd,Germany,2026,false,false,false,false,true,false,false,false,0,0,,
D,745,Oberliga - Hamburg,Germany,2026,false,false,false,false,true,false,false,false,0,0,,
D,746,Oberliga - Mittelrhein,Germany,2026,false,false,false,false,false,true,false,false,0,0,,
D,751,Oberliga - Niederrhein,Germany,2026,false,false,false,false,false,true,false,false,0,0,,
D,747,Oberliga - Westfalen,Germany,2026,false,false,false,false,false,true,false,false,0,0,,
D,1047,Olympics Women - Qualification CAF,World,2024,false,false,false,false,true,false,false,false,0,0,,
D,260,Pacific Coast Soccer League,Canada,2025,false,false,false,false,false,true,false,false,0,0,,
D,770,Pacific Games,World,2023,false,false,false,false,true,false,false,false,0,0,,
D,1145,Paraense B1,Brazil,2025,false,false,false,false,false,true,false,false,0,0,,
D,1120,Paraibano U20,Brazil,2026,false,false,false,false,false,true,false,false,0,0,,
D,1138,Paranaense - 3,Brazil,2026,false,false,false,false,false,true,false,false,0,0,,
D,1071,Paranaense U20,Brazil,2026,false,false,false,false,false,true,false,false,0,0,,
D,765,PFL,Philippines,2027,false,false,false,false,true,false,false,false,0,0,,
D,718,Piala Indonesia,Indonesia,2018,false,false,false,false,false,false,true,false,0,0,,
D,1139,Potiguar - U20,Brazil,2025,false,false,false,false,false,true,false,false,0,0,,
D,1048,Premier Division,Antigua-And-Barbuda,2025,false,false,false,false,false,true,false,false,0,0,,
D,1080,Premier Division,Grenada,2025,false,false,false,false,false,true,false,false,0,0,,
D,422,Premier League,Barbados,2026,false,false,false,false,false,true,false,false,0,0,,
D,584,Premier League,Libya,2025,false,false,false,false,false,true,false,false,0,0,,
D,409,Premier League,Namibia,2018,false,false,false,false,false,true,false,false,0,0,,
D,416,Premier League,Belize,2025,false,false,false,false,false,true,false,false,0,0,,
D,847,Premier League,Eswatini,2026,false,false,false,false,false,true,false,false,0,0,,
D,870,Premier League,Crimea,2022,false,false,false,false,true,false,false,false,0,0,,
D,962,Premier League,Lesotho,2026,false,false,false,false,false,true,false,false,0,0,,
D,1227,Premier League Women,Saudi-Arabia,2027,false,false,false,false,true,false,false,false,0,0,,
D,969,Primeira Divisão,Macao,2026,false,false,false,false,false,true,false,false,0,0,,
D,907,Primera Division,Cuba,2025,false,false,false,false,false,true,false,false,0,0,,
D,980,Provincial - Play-offs ACFF,Belgium,2024,false,false,false,false,false,false,true,false,0,0,,
D,979,Provincial - Play-offs VV,Belgium,2024,false,false,false,false,false,false,true,false,0,0,,
D,1167,Recopa,Costa-Rica,2026,false,false,false,false,true,false,false,false,0,0,,
D,562,Reserve League,Belarus,2024,false,false,false,false,false,true,false,false,0,0,,
D,837,Rock Cup,Gibraltar,2026,false,false,false,false,true,false,false,false,0,0,,
D,209,Schweizer Cup,Switzerland,2026,false,false,false,false,true,false,false,false,0,0,,
D,148,Second Amateur Division - ACFF,Belgium,2026,false,false,false,false,false,true,false,false,0,0,,
D,149,Second Amateur Division - VFV A,Belgium,2026,false,false,false,false,true,false,false,false,0,0,,
D,904,SheBelieves Cup,World,2026,false,false,false,false,true,false,false,false,0,0,,
D,951,South American Youth Games,World,2026,false,false,false,false,true,false,false,false,0,0,,
D,911,Southeast Asian Games,World,2025,false,false,false,false,true,false,false,false,0,0,,
D,572,Srpska Liga - Belgrade,Serbia,2025,false,false,false,false,false,true,false,false,0,0,,
D,574,Srpska Liga - East,Serbia,2025,false,false,false,false,false,true,false,false,0,0,,
D,573,Srpska Liga - Vojvodina,Serbia,2025,false,false,false,false,false,true,false,false,0,0,,
D,575,Srpska Liga - West,Serbia,2025,false,false,false,false,false,true,false,false,0,0,,
D,884,Super Cup,San-Marino,2025,false,false,false,false,true,false,false,false,0,0,,
D,831,Super Cup,Vietnam,2027,false,false,false,false,true,false,false,false,0,0,,
D,944,Super Cup,Oman,2025,false,false,false,false,true,false,false,false,0,0,,
D,1050,Super Cup,Malta,2026,false,false,false,false,true,false,false,false,0,0,,
D,1109,Super Cup,Bahrain,2025,false,false,false,false,true,false,false,false,0,0,,
D,1166,Super Cup,Cameroon,2025,false,false,false,false,true,false,false,false,0,0,,
D,817,Super Cup Primavera,Italy,2025,false,false,false,false,true,false,false,false,0,0,,
D,400,Super League,Zambia,2026,false,false,false,false,false,true,false,false,0,0,,
D,115,Svenska Cupen,Sweden,2026,false,false,false,false,true,false,false,false,0,0,,
D,1078,SWF Scottish Cup,Scotland,2023,false,false,false,false,false,false,true,false,0,0,,
D,840,Taça Revelação U23,Portugal,2026,false,false,false,false,true,false,false,false,0,0,,
D,1091,Tasmania Northern Championship,Australia,2026,false,false,false,false,false,true,false,false,0,0,,
D,1093,Tasmania Southern Championship,Australia,2026,false,false,false,false,false,true,false,false,0,0,,
D,981,Third Amateur Division - Play-offs,Belgium,2024,false,false,false,false,false,false,true,false,0,0,,
D,175,Third League - Northeast,Bulgaria,2026,false,false,false,false,false,true,false,false,0,0,,
D,176,Third League - Northwest,Bulgaria,2026,false,false,false,false,false,true,false,false,0,0,,
D,177,Third League - Southeast,Bulgaria,2026,false,false,false,false,false,true,false,false,0,0,,
D,178,Third League - Southwest,Bulgaria,2026,false,false,false,false,false,true,false,false,0,0,,
D,213,Third NL - Istok,Croatia,2025,false,false,false,false,false,true,false,false,0,0,,
D,214,Third NL - Jug,Croatia,2025,false,false,false,false,false,true,false,false,0,0,,
D,215,Third NL - Sjever,Croatia,2025,false,false,false,false,false,true,false,false,0,0,,
D,216,Third NL - Sredite,Croatia,2025,false,false,false,false,false,true,false,false,0,0,,
D,217,Third NL - Zapad,Croatia,2025,false,false,false,false,false,true,false,false,0,0,,
D,900,Tipsport Malta Cup,World,2024,false,false,false,false,true,false,false,false,0,0,,
D,1152,U19 Divisie 1,Netherlands,2025,false,false,false,false,false,true,false,false,0,0,,
D,1241,U19 league,Serbia,2026,false,false,false,false,false,true,false,false,0,0,,
D,675,U21 Divisie 1,Netherlands,2026,false,false,false,false,false,true,false,false,0,0,,
D,1117,USL W League,USA,2026,false,false,false,false,false,true,false,false,0,0,,
D,1077,WAFF Championship U23,World,2025,false,false,false,false,true,false,false,false,0,0,,
D,1175,Women's President's Cup,Ireland,2026,false,false,false,false,true,false,false,false,0,0,,
D,927,World Cup - Women - Qualification Concacaf,World,2026,false,false,false,false,true,false,false,false,0,0,,
D,1116,WPSL,USA,2025,false,false,false,false,false,false,true,false,0,0,,
D,1005,1. Liga Classic - Play-offs,Switzerland,2025,false,false,false,false,false,false,false,false,0,0,,
D,1185,3. liga - Play-offs,Slovakia,2025,false,false,false,false,false,false,false,false,0,0,,
D,1012,AFC U17 Asian Cup,World,2027,false,false,false,false,false,false,false,false,0,0,,
D,1073,Baiano U20,Brazil,2026,false,false,false,false,false,false,false,false,0,0,,
D,1154,Catarinense - 3,Brazil,2026,false,false,false,false,false,false,false,false,0,0,,
D,415,Championnat National,Benin,2026,false,false,false,false,false,false,false,false,0,0,,
D,913,CONMEBOL - UEFA Finalissima,World,2026,false,false,false,false,false,false,false,false,0,0,,
D,949,CONMEBOL Libertadores Femenina,World,2026,false,false,false,false,false,false,false,false,0,0,,
D,1179,Copa do Brasil U17,Brazil,2026,false,false,false,false,false,false,false,false,0,0,,
D,1165,Copa Fares Lopes,Brazil,2026,false,false,false,false,false,false,false,false,0,0,,
D,892,Coppa Italia Serie D,Italy,2026,false,false,false,false,false,false,false,false,0,0,,
D,147,Cup,Belgium,2026,false,false,false,false,false,false,false,false,0,0,,
D,732,Cup,Serbia,2026,false,false,false,false,false,false,false,false,0,0,,
D,761,Cup,Liechtenstein,2026,false,false,false,false,false,false,false,false,0,0,,
D,935,Diski Shield,South-Africa,2022,false,false,false,false,false,false,false,false,0,0,,
D,1044,Erste Liga Cup,Switzerland,2026,false,false,false,false,false,false,false,false,0,0,,
D,544,FA Cup,Hong-Kong,2027,false,false,false,false,false,false,false,false,0,0,,
D,811,Federation Cup,Bangladesh,2026,false,false,false,false,false,false,false,false,0,0,,
D,576,Gamma Ethniki - Group 1,Greece,2026,false,false,false,false,false,false,false,false,0,0,,
D,577,Gamma Ethniki - Group 2,Greece,2026,false,false,false,false,false,false,false,false,0,0,,
D,578,Gamma Ethniki - Group 3,Greece,2026,false,false,false,false,false,false,false,false,0,0,,
D,579,Gamma Ethniki - Group 4,Greece,2026,false,false,false,false,false,false,false,false,0,0,,
D,580,Gamma Ethniki - Group 5,Greece,2026,false,false,false,false,false,false,false,false,0,0,,
D,581,Gamma Ethniki - Group 6,Greece,2026,false,false,false,false,false,false,false,false,0,0,,
D,990,Gamma Ethniki - Promotion Group,Greece,2026,false,false,false,false,false,false,false,false,0,0,,
D,25,Gulf Cup of Nations,World,2026,false,false,false,false,false,false,false,false,0,0,,
D,1201,IFA Shield,India,2026,false,false,false,false,false,false,false,false,0,0,,
D,1246,Intercontinental Cup U20,World,2026,false,false,false,false,false,false,false,false,0,0,,
D,559,League Cup,Northern-Ireland,2026,false,false,false,false,false,false,false,false,0,0,,
D,895,League Cup,Egypt,2026,false,false,false,false,false,false,false,false,0,0,,
D,1199,League Cup,Hong-Kong,2026,false,false,false,false,false,false,false,false,0,0,,
D,378,Ligue 1,Guinea,2025,false,false,false,false,false,false,false,false,0,0,,
D,828,Ligue 2,Tunisia,2026,false,false,false,false,false,false,false,false,0,0,,
D,988,Oberliga - Promotion Round,Germany,2025,false,false,false,false,false,false,false,false,0,0,,
D,989,Oberliga - Relegation Round,Germany,2025,false,false,false,false,false,false,false,false,0,0,,
D,1157,Paraense U20,Brazil,2025,false,false,false,false,false,false,false,false,0,0,,
D,1037,Paraibano 2,Brazil,2026,false,false,false,false,false,false,false,false,0,0,,
D,1151,Pernambucano - 3,Brazil,2024,false,false,false,false,false,false,false,false,0,0,,
D,561,Premier Intermediate League,Northern-Ireland,2025,false,false,false,false,false,false,false,false,0,0,,
D,560,Presidents Cup,United-Arab-Emirates,2026,false,false,false,false,false,false,false,false,0,0,,
D,1204,Rondoniense - 2,Brazil,2026,false,false,false,false,false,false,false,false,0,0,,
D,1011,Second Amateur Division - Play-offs ,Belgium,2025,false,false,false,false,false,false,false,false,0,0,,
D,1135,Sergipano - 2,Brazil,2025,false,false,false,false,false,false,false,false,0,0,,
D,1108,Sergipano U20,Brazil,2025,false,false,false,false,false,false,false,false,0,0,,
D,384,State Cup,Israel,2026,false,false,false,false,false,false,false,false,0,0,,
D,402,Sudani Premier League,Sudan,2026,false,false,false,false,false,false,false,false,0,0,,
D,810,Super Copa,Argentina,2026,false,false,false,false,false,false,false,false,0,0,,
D,557,Super Cup,Norway,2019,false,false,false,false,false,false,false,false,0,0,,
D,819,Super Cup,Kosovo,2024,false,false,false,false,false,false,false,false,0,0,,
D,1131,Super Cup,Mongolia,2024,false,false,false,false,false,false,false,false,0,0,,
D,1192,Super Cup,Angola,2026,false,false,false,false,false,false,false,false,0,0,,
D,1193,Super Cup,Kenya,2025,false,false,false,false,false,false,false,false,0,0,,
D,1194,Super Cup,Tunisia,2026,false,false,false,false,false,false,false,false,0,0,,
D,413,Super League,Bhutan,2025,false,false,false,false,false,false,false,false,0,0,,
D,853,Supercopa de Ecuador,Ecuador,2026,false,false,false,false,false,false,false,false,0,0,,
D,1058,Supercopa Femenina,Spain,2026,false,false,false,false,false,false,false,false,0,0,,
D,737,Svenska Cupen - Women,Sweden,2026,false,false,false,false,false,false,false,false,0,0,,
D,1074,SWPL Cup,Scotland,2025,false,false,false,false,false,false,false,false,0,0,,
D,724,U18 Divisie 1,Netherlands,2023,false,false,false,false,false,false,false,false,0,0,,
D,890,U20 Elite League,World,2026,false,false,false,false,false,false,false,false,0,0,,
D,886,UEFA U17 Championship - Qualification,World,2027,false,false,false,false,false,false,false,false,0,0,,
D,950,World Cup - U17 - Women,World,2026,false,false,false,false,false,false,false,false,0,0,,
D,697,WSL Cup,England,2026,false,false,false,false,false,false,false,false,0,0,,
D,636,Ýokary Liga,Turkmenistan,2026,false,false,false,false,false,false,false,false,0,0,,
D,829,Youth League,Turkmenistan,2020,false,false,false,false,false,false,false,false,0,0,,
D,910,Youth Viareggio Cup,World,2026,false,false,false,false,false,false,false,false,0,0,,
